"id","admin_report_id","parameter_name","label","data_type","created_at","updated_at","deleted_at","created_by","updated_by","deleted_by","query_parameter","input_field_type","option_type","option","order_no"
"1","1","startDate","Start Date","date","2025-07-23 18:49:55.798969","2025-07-23 18:49:55.798969","","","","","###START_DATE###","","","",""
"3","2","startDate","Start Date","date","2025-07-23 18:49:55.798969","2025-07-23 18:49:55.798969","","","","","###START_DATE###","","","",""
"2","1","endDate","End Date","date","2025-07-23 18:49:55.798969","2025-07-23 18:49:55.798969","","","","","###END_DATE###","","","",""
"4","2","endDate","End Date","date","2025-07-23 18:49:55.798969","2025-07-23 18:49:55.798969","","","","","###END_DATE###","","","",""
"12","7","functionName","Function Name","string","2025-07-23 19:52:54.431556","2025-07-23 19:52:54.431556","","","","","###FunctionName###","SelectBox","query","{""raw_query"":""select * from (select 'All' as label, '#99#' as value, 0 as sort_order union select distinct function_name as label, function_name as value, 1 as sort_order from public.vr_role_permission_info) as t order by sort_order, label""}",""
"13","7","actionName","Action Name","string","2025-07-23 19:52:54.431556","2025-07-23 19:52:54.431556","","","","","###ActionName###","SelectBox","query","{""raw_query"":""select * from (select 'All' as label, '#99#' as value, 0 as sort_order union select distinct action_name as label, action_name as value, 1 as sort_order from public.vr_role_permission_info) as t order by sort_order, label""}",""
"14","7","permittedRoleName","Permitted Role Name","string","2025-07-23 19:52:54.431556","2025-07-23 19:52:54.431556","","","","","###PermittedRoleName###","SelectBox","query","{""raw_query"":""select * from (select 'All' as label, '#99#' as value, 0 as sort_order union select distinct permitted_role_name as label, permitted_role_name as value, 1 as sort_order from public.vr_role_permission_info) as t order by sort_order, label""}",""
"15","8","to_reference_status","To Reference Status","string","2025-07-15 06:42:17.814823","2025-07-15 06:42:17.814823","","","","","###ToReferenceStatus###","SelectBox","query","{""raw_query"":""select * from (select 'All' as label, '#99#' as value, 0 as sort_order union select distinct to_reference_status as label, to_reference_status as value,1 as sort_order from public.vr_user_hierarchy) as t order by sort_order, label""}",""
"16","8","from_reference_status","From Reference Status","string","2025-07-15 06:42:17.814823","2025-07-15 06:42:17.814823","","","","","###FromReferenceStatus###","SelectBox","query","{""raw_query"":""select * from (select 'All' as label, '#99#' as value, 0 as sort_order union select distinct from_reference_status as label, from_reference_status as value, 1 as sort_order from public.vr_user_hierarchy) as t order by sort_order, label""}",""
"17","8","hierarchy","Hierarchy","string","2025-07-15 06:42:17.814823","2025-07-15 06:42:17.814823","","","","","###HIERARCHY###","SelectBox","raw","{""data"":[{""label"":""All"",""value"":""#99#""},{""label"":""Reportees"",""value"":""Reportees""},{""label"":""Higher Ups"",""value"":""Higher Ups""}]}",""
"18","9","startDate","Start Date","date","2025-08-02 09:30:56.479924","","","1","","","###START_DATE###","","","",""
"19","9","endDate","End Date","date","2025-08-02 09:30:56.479924","","","1","","","###END_DATE###","","","",""
"20","10","startDate","Start Date","date","2025-08-02 10:09:56.630358","","","1","","","###START_DATE###","","","",""
"21","10","endDate","End Date","date","2025-08-02 10:09:56.630358","","","1","","","###END_DATE###","","","",""
"22","11","managerName","Manager Name","string","2025-08-04 08:41:30.820353","","","1","","","###ManagerName###","SelectBox","query","{""raw_query"":""select label, value, sort_order from (select 'All' as label, '#99#' as value, 0 as sort_order union select label, label as value, ROW_NUMBER () OVER (ORDER BY label) as sort_order from (select distinct manager_name as label from vr_active_user_info) a) as t order by sort_order, label""}",""
"23","11","organisation","Organisation","string","2025-08-04 08:41:30.820353","","","1","","","###Organisation###","SelectBox","query","{""raw_query"":""select label, value, sort_order from (select 'All' as label, '#99#' as value, 0 as sort_order union select label, label as value, ROW_NUMBER () OVER (ORDER BY label) as sort_order from (select distinct organisation as label from vr_active_user_info) a) as t order by sort_order, label""}",""
"24","11","vertical","Vertical","string","2025-08-04 08:41:30.820353","","","1","","","###Vertical###","SelectBox","query","{""raw_query"":""select label, value, sort_order from (select 'All' as label, '#99#' as value, 0 as sort_order union select label, label as value, ROW_NUMBER () OVER (ORDER BY label) as sort_order from (select distinct vertical as label from vr_active_user_info) a) as t order by sort_order, label""}",""
"25","11","department","Department","string","2025-08-04 08:41:30.820353","","","1","","","###Department###","SelectBox","query","{""raw_query"":""select label, value, sort_order from (select 'All' as label, '#99#' as value, 0 as sort_order union select label, label as value, ROW_NUMBER () OVER (ORDER BY label) as sort_order from (select distinct department as label from vr_active_user_info) a) as t order by sort_order, label""}",""
"26","11","branch","Branch","string","2025-08-04 08:41:30.820353","","","1","","","###Branch###","SelectBox","query","{""raw_query"":""select label, value, sort_order from (select 'All' as label, '#99#' as value, 0 as sort_order union select label, label as value, ROW_NUMBER () OVER (ORDER BY label) as sort_order from (select distinct branch as label from vr_active_user_info) a) as t order by sort_order, label""}",""
"27","11","designation","Designation","string","2025-08-04 08:41:30.820353","","","1","","","###Designation###","SelectBox","query","{""raw_query"":""select label, value, sort_order from (select 'All' as label, '#99#' as value, 0 as sort_order union select label, label as value, ROW_NUMBER () OVER (ORDER BY label) as sort_order from (select distinct designation as label from vr_active_user_info) a) as t order by sort_order, label""}",""
"28","12","managerName","Manager Name","string","2025-08-04 08:41:30.828075","","","1","","","###ManagerName###","SelectBox","query","{""raw_query"":""select label, value, sort_order from (select 'All' as label, '#99#' as value, 0 as sort_order union select label, label as value, ROW_NUMBER () OVER (ORDER BY label) as sort_order from (select distinct manager_name as label from vr_inactive_user_info) a) as t order by sort_order, label""}",""
"29","12","organisation","Organisation","string","2025-08-04 08:41:30.828075","","","1","","","###Organisation###","SelectBox","query","{""raw_query"":""select label, value, sort_order from (select 'All' as label, '#99#' as value, 0 as sort_order union select label, label as value, ROW_NUMBER () OVER (ORDER BY label) as sort_order from (select distinct organisation as label from vr_inactive_user_info) a) as t order by sort_order, label""}",""
"30","12","vertical","Vertical","string","2025-08-04 08:41:30.828075","","","1","","","###Vertical###","SelectBox","query","{""raw_query"":""select label, value, sort_order from (select 'All' as label, '#99#' as value, 0 as sort_order union select label, label as value, ROW_NUMBER () OVER (ORDER BY label) as sort_order from (select distinct vertical as label from vr_inactive_user_info) a) as t order by sort_order, label""}",""
"31","12","department","Department","string","2025-08-04 08:41:30.828075","","","1","","","###Department###","SelectBox","query","{""raw_query"":""select label, value, sort_order from (select 'All' as label, '#99#' as value, 0 as sort_order union select label, label as value, ROW_NUMBER () OVER (ORDER BY label) as sort_order from (select distinct department as label from vr_inactive_user_info) a) as t order by sort_order, label""}",""
"32","12","branch","Branch","string","2025-08-04 08:41:30.828075","","","1","","","###Branch###","SelectBox","query","{""raw_query"":""select label, value, sort_order from (select 'All' as label, '#99#' as value, 0 as sort_order union select label, label as value, ROW_NUMBER () OVER (ORDER BY label) as sort_order from (select distinct branch as label from vr_inactive_user_info) a) as t order by sort_order, label""}",""
"222","26","policyPeriodStart","Policy Period Start","date","2026-05-08 12:04:29.721841","2026-05-08 12:04:29.721841","","SYSTEM","SYSTEM","","###policyPeriodStart###","input","none","{}","3"
"33","12","designation","Designation","string","2025-08-04 08:41:30.828075","","","1","","","###Designation###","SelectBox","query","{""raw_query"":""select label, value, sort_order from (select 'All' as label, '#99#' as value, 0 as sort_order union select label, label as value, ROW_NUMBER () OVER (ORDER BY label) as sort_order from (select distinct designation as label from vr_inactive_user_info) a) as t order by sort_order, label""}",""
"34","5","lookupName","Name","string","2025-08-04 08:47:51.941755","","","1","","","###Name###","SelectBox","query","{""raw_query"":""select label, value, sort_order from (select 'All' as label, '#99#' as value, 0 as sort_order union select label, label as value, ROW_NUMBER () OVER (ORDER BY label) as sort_order from (select distinct lookup_name as label from vr_lookup_info) a) as t order by sort_order, label""}",""
"37","14","organisation_name","Organisation Name","string","2025-08-04 09:18:05.215886","","","1","","","###OrganisationName###","SelectBox","query","{""raw_query"":""select label, value, sort_order from (select 'All' as label, '#99#' as value, 0 as sort_order union select label, label as value, ROW_NUMBER () OVER (ORDER BY label) as sort_order from (select distinct organisation_name as label from vr_org_branch) a) as t order by sort_order, label""}",""
"35","13","organisation_name","Organisation Name","string","2025-08-04 09:20:15.311934","","","1","","","###OrganisationName###","SelectBox","query","{""raw_query"":""select label, value, sort_order from (select 'All' as label, '#99#' as value, 0 as sort_order union select label, label as value, ROW_NUMBER () OVER (ORDER BY label) as sort_order from (select distinct organisation_name as label from vr_org_vertical_department) a) as t order by sort_order, label""}",""
"36","13","vertical_name","Vertical Name","string","2025-08-04 09:20:15.311934","","","1","","","###VerticalName###","SelectBox","query","{""raw_query"":""select label, value, sort_order from (select 'All' as label, '#99#' as value, 0 as sort_order union select label, label as value, ROW_NUMBER () OVER (ORDER BY label) as sort_order from (select distinct vertical_name as label from vr_org_vertical_department) a) as t order by sort_order, label""}",""
"201","20","employeeName","employeeName","string","2025-08-26 12:21:11.023111","","","1","","","###EmployeeName###","SelectBox","query","{""raw_query"":""select label, value, sort_order from (select 'All' as label, '#99#' as value, 0 as sort_order union select label, label as value, ROW_NUMBER () OVER (ORDER BY label) as sort_order from (select distinct manager_name as label from vr_user_hierarchy_raw) a) as t order by sort_order, label""}",""
"202","20","managerName","Manager Name","string","2025-08-26 12:21:11.023111","","","1","","","###ManagerName###","SelectBox","query","{""raw_query"":""select label, value, sort_order from (select 'All' as label, '#99#' as value, 0 as sort_order union select label, label as value, ROW_NUMBER () OVER (ORDER BY label) as sort_order from (select distinct employee_name as label from vr_user_hierarchy_raw) a) as t order by sort_order, label""}",""
"203","20","hierarchy","Hierarchy","string","2025-08-26 12:21:11.023111","","","1","","","###Hierarchy###","SelectBox","query","{""raw_query"":""select label, value, sort_order from (select 'All' as label, '#99#' as value, 0 as sort_order union select label, label as value, ROW_NUMBER () OVER (ORDER BY label) as sort_order from (select distinct hierarchy as label from vr_user_hierarchy_raw) a) as t order by sort_order, label""}",""
"38","16","userName","User Name","string","2025-11-27 11:00:38.404698","","","1","","","###UserName###","SelectBox","query","{""raw_query"":""select label, value, sort_order from (select 'All' as label, '#99#' as value, 0 as sort_order union select label, label as value, ROW_NUMBER () OVER (ORDER BY label) as sort_order from (select distinct user_name as label from fr_user_permission_info(NULL, NULL, NULL, NULL)) a) as t order by sort_order, label""}",""
"39","16","userEmail","User Email","string","2025-11-27 11:00:38.404698","","","1","","","###UserEmail###","SelectBox","query","{""raw_query"":""select label, value, sort_order from (select 'All' as label, '#99#' as value, 0 as sort_order union select label, label as value, ROW_NUMBER () OVER (ORDER BY label) as sort_order from (select distinct user_email as label from fr_user_permission_info(NULL, NULL, NULL, NULL)) a) as t order by sort_order, label""}",""
"40","16","permittedFunctionName","Permitted Function Name","string","2025-11-27 11:00:38.404698","","","1","","","###PermittedFunctionName###","SelectBox","query","{""raw_query"":""select label, value, sort_order from (select 'All' as label, '#99#' as value, 0 as sort_order union select label, label as value, ROW_NUMBER () OVER (ORDER BY label) as sort_order from (select distinct permitted_function_name as label from fr_user_permission_info(NULL, NULL, NULL, NULL)) a) as t order by sort_order, label""}",""
"41","16","permittedActionName","Permitted Action Name","string","2025-11-27 11:00:38.404698","","","1","","","###PermittedActionName###","SelectBox","query","{""raw_query"":""select label, value, sort_order from (select 'All' as label, '#99#' as value, 0 as sort_order union select label, label as value, ROW_NUMBER () OVER (ORDER BY label) as sort_order from (select distinct permitted_action_name as label from fr_user_permission_info(NULL, NULL, NULL, NULL)) a) as t order by sort_order, label""}",""
"204","21","companyId","Company ID","number","2026-05-08 12:02:18.92567","2026-05-08 12:02:18.92567","","SYSTEM","SYSTEM","","###companyId###","input","none","{}","1"
"205","21","policyType","Policy Type","string","2026-05-08 12:02:18.92567","2026-05-08 12:02:18.92567","","SYSTEM","SYSTEM","","###policyType###","input","none","{}","2"
"206","21","policyPeriodStart","Policy Period Start","date","2026-05-08 12:02:18.92567","2026-05-08 12:02:18.92567","","SYSTEM","SYSTEM","","###policyPeriodStart###","input","none","{}","3"
"207","21","policyPeriodEnd","Policy Period End","date","2026-05-08 12:02:18.92567","2026-05-08 12:02:18.92567","","SYSTEM","SYSTEM","","###policyPeriodEnd###","input","none","{}","4"
"208","22","companyId","Company ID","number","2026-05-08 12:02:49.480869","2026-05-08 12:02:49.480869","","SYSTEM","SYSTEM","","###companyId###","input","none","{}","1"
"209","22","policyType","Policy Type","string","2026-05-08 12:02:49.480869","2026-05-08 12:02:49.480869","","SYSTEM","SYSTEM","","###policyType###","input","none","{}","2"
"210","23","companyId","Company ID","number","2026-05-08 12:03:17.876687","2026-05-08 12:03:17.876687","","SYSTEM","SYSTEM","","###companyId###","input","none","{}","1"
"211","23","policyType","Policy Type","string","2026-05-08 12:03:17.876687","2026-05-08 12:03:17.876687","","SYSTEM","SYSTEM","","###policyType###","input","none","{}","2"
"212","23","startDate","Start Date","date","2026-05-08 12:03:17.876687","2026-05-08 12:03:17.876687","","SYSTEM","SYSTEM","","###startDate###","input","none","{}","3"
"213","23","endDate","End Date","date","2026-05-08 12:03:17.876687","2026-05-08 12:03:17.876687","","SYSTEM","SYSTEM","","###endDate###","input","none","{}","4"
"214","23","claimType","Claim Type","string","2026-05-08 12:03:17.876687","2026-05-08 12:03:17.876687","","SYSTEM","SYSTEM","","###claimType###","input","none","{}","5"
"215","23","claimStatus","Claim Status","string","2026-05-08 12:03:17.876687","2026-05-08 12:03:17.876687","","SYSTEM","SYSTEM","","###claimStatus###","input","none","{}","6"
"216","23","memberType","Member Type","string","2026-05-08 12:03:17.876687","2026-05-08 12:03:17.876687","","SYSTEM","SYSTEM","","###memberType###","input","none","{}","7"
"217","24","policyId","Policy ID","number","2026-05-08 12:03:43.680983","2026-05-08 12:03:43.680983","","SYSTEM","SYSTEM","","###policyId###","input","none","{}","1"
"218","25","companyId","Company ID","number","2026-05-08 12:04:03.096693","2026-05-08 12:04:03.096693","","SYSTEM","SYSTEM","","###companyId###","input","none","{}","1"
"219","25","policyType","Policy Type","string","2026-05-08 12:04:03.096693","2026-05-08 12:04:03.096693","","SYSTEM","SYSTEM","","###policyType###","input","none","{}","2"
"220","26","companyId","Company ID","number","2026-05-08 12:04:29.721841","2026-05-08 12:04:29.721841","","SYSTEM","SYSTEM","","###companyId###","input","none","{}","1"
"221","26","policyType","Policy Type","string","2026-05-08 12:04:29.721841","2026-05-08 12:04:29.721841","","SYSTEM","SYSTEM","","###policyType###","input","none","{}","2"
"223","26","policyPeriodEnd","Policy Period End","date","2026-05-08 12:04:29.721841","2026-05-08 12:04:29.721841","","SYSTEM","SYSTEM","","###policyPeriodEnd###","input","none","{}","4"
"224","27","companyId","Company ID","number","2026-05-08 12:04:47.227841","2026-05-08 12:04:47.227841","","SYSTEM","SYSTEM","","###companyId###","input","none","{}","1"
"225","27","policyType","Policy Type","string","2026-05-08 12:04:47.227841","2026-05-08 12:04:47.227841","","SYSTEM","SYSTEM","","###policyType###","input","none","{}","2"
"226","27","policyPeriodStart","Policy Period Start","date","2026-05-08 12:04:47.227841","2026-05-08 12:04:47.227841","","SYSTEM","SYSTEM","","###policyPeriodStart###","input","none","{}","3"
"227","27","policyPeriodEnd","Policy Period End","date","2026-05-08 12:04:47.227841","2026-05-08 12:04:47.227841","","SYSTEM","SYSTEM","","###policyPeriodEnd###","input","none","{}","4"
"228","27","claimType","Claim Type","string","2026-05-08 12:04:47.227841","2026-05-08 12:04:47.227841","","SYSTEM","SYSTEM","","###claimType###","input","none","{}","5"
"229","27","claimStatus","Claim Status","string","2026-05-08 12:04:47.227841","2026-05-08 12:04:47.227841","","SYSTEM","SYSTEM","","###claimStatus###","input","none","{}","6"
"230","27","memberType","Member Type","string","2026-05-08 12:04:47.227841","2026-05-08 12:04:47.227841","","SYSTEM","SYSTEM","","###memberType###","input","none","{}","7"
"231","28","policyId","Policy ID","number","2026-05-08 12:05:08.299731","2026-05-08 12:05:08.299731","","SYSTEM","SYSTEM","","###policyId###","input","none","{}","1"
"232","29","policyId","Policy ID","number","2026-05-08 12:05:23.976083","2026-05-08 12:05:23.976083","","SYSTEM","SYSTEM","","###policyId###","input","none","{}","1"
"233","30","companyId","Company ID","number","2026-05-08 12:05:38.20827","2026-05-08 12:05:38.20827","","SYSTEM","SYSTEM","","###companyId###","input","none","{}","1"
"234","30","policyId","Policy ID","number","2026-05-08 12:05:38.20827","2026-05-08 12:05:38.20827","","SYSTEM","SYSTEM","","###policyId###","input","none","{}","2"
"235","31","policyId","Policy ID","number","2026-05-08 12:06:13.348584","2026-05-08 12:06:13.348584","","SYSTEM","SYSTEM","","###policyId###","input","none","{}","1"
"236","31","claimStatus","Claim Status","string","2026-05-08 12:06:13.348584","2026-05-08 12:06:13.348584","","SYSTEM","SYSTEM","","###claimStatus###","input","none","{}","2"
"237","31","claimType","Claim Type","string","2026-05-08 12:06:13.348584","2026-05-08 12:06:13.348584","","SYSTEM","SYSTEM","","###claimType###","input","none","{}","3"
"238","31","startYear","Start Year","string","2026-05-08 12:06:13.348584","2026-05-08 12:06:13.348584","","SYSTEM","SYSTEM","","###startYear###","input","none","{}","4"
"284","31","employeeId","Employee ID","number","2026-05-11 13:29:41.783226","2026-05-11 13:29:41.783226","","SYSTEM","SYSTEM","","###employeeId###","input","none","{}","7"
"241","32","policyId","Policy ID","number","2026-05-08 12:06:29.443626","2026-05-08 12:06:29.443626","","SYSTEM","SYSTEM","","###policyId###","input","none","{}","1"
"242","32","companyId","Company ID","number","2026-05-08 12:06:29.443626","2026-05-08 12:06:29.443626","","SYSTEM","SYSTEM","","###companyId###","input","none","{}","2"
"243","33","policyId","Policy ID","number","2026-05-08 12:06:45.937996","2026-05-08 12:06:45.937996","","SYSTEM","SYSTEM","","###policyId###","input","none","{}","1"
"244","33","companyId","Company ID","number","2026-05-08 12:06:45.937996","2026-05-08 12:06:45.937996","","SYSTEM","SYSTEM","","###companyId###","input","none","{}","2"
"253","40","companyId","Company ID","number","2026-05-08 12:08:57.413819","2026-05-08 12:08:57.413819","","SYSTEM","SYSTEM","","###companyId###","input","none","{}","1"
"254","40","policyId","Policy ID","string","2026-05-08 12:08:57.413819","2026-05-08 12:08:57.413819","","SYSTEM","SYSTEM","","###policyId###","input","none","{}","2"
"255","41","companyId","Company ID","number","2026-05-08 12:08:57.415724","2026-05-08 12:08:57.415724","","SYSTEM","SYSTEM","","###companyId###","input","none","{}","1"
"256","41","policyId","Policy ID","string","2026-05-08 12:08:57.415724","2026-05-08 12:08:57.415724","","SYSTEM","SYSTEM","","###policyId###","input","none","{}","2"
"257","42","companyId","Company ID","number","2026-05-08 12:09:18.263787","2026-05-08 12:09:18.263787","","SYSTEM","SYSTEM","","###companyId###","input","none","{}","1"
"258","42","policyId","Policy ID","string","2026-05-08 12:09:18.263787","2026-05-08 12:09:18.263787","","SYSTEM","SYSTEM","","###policyId###","input","none","{}","2"
"259","43","companyId","Company ID","number","2026-05-08 12:09:33.433056","2026-05-08 12:09:33.433056","","SYSTEM","SYSTEM","","###companyId###","input","none","{}","1"
"260","43","policyId","Policy ID","string","2026-05-08 12:09:33.433056","2026-05-08 12:09:33.433056","","SYSTEM","SYSTEM","","###policyId###","input","none","{}","2"
"261","44","companyId","Company ID","number","2026-05-08 12:09:48.874743","2026-05-08 12:09:48.874743","","SYSTEM","SYSTEM","","###companyId###","input","none","{}","1"
"262","45","companyId","Company ID","number","2026-05-08 12:10:03.360642","2026-05-08 12:10:03.360642","","SYSTEM","SYSTEM","","###companyId###","input","none","{}","1"
"263","45","search","Search","string","2026-05-08 12:10:03.360642","2026-05-08 12:10:03.360642","","SYSTEM","SYSTEM","","###search###","input","none","{}","2"
"264","46","companyId","Company ID","number","2026-05-08 12:10:14.870678","2026-05-08 12:10:14.870678","","SYSTEM","SYSTEM","","###companyId###","input","none","{}","1"
"265","46","policyId","Policy ID","number","2026-05-08 12:10:14.870678","2026-05-08 12:10:14.870678","","SYSTEM","SYSTEM","","###policyId###","input","none","{}","2"
"266","46","startDate","Start Date","date","2026-05-08 12:10:14.870678","2026-05-08 12:10:14.870678","","SYSTEM","SYSTEM","","###startDate###","input","none","{}","3"
"267","46","endDate","End Date","date","2026-05-08 12:10:14.870678","2026-05-08 12:10:14.870678","","SYSTEM","SYSTEM","","###endDate###","input","none","{}","4"
"268","46","txnType","Txn Type","string","2026-05-08 12:10:14.870678","2026-05-08 12:10:14.870678","","SYSTEM","SYSTEM","","###txnType###","input","none","{}","5"
"269","46","search","Search","string","2026-05-08 12:10:14.870678","2026-05-08 12:10:14.870678","","SYSTEM","SYSTEM","","###search###","input","none","{}","6"
"270","47","companyId","Company ID","number","2026-05-08 12:12:27.895499","2026-05-08 12:12:27.895499","","SYSTEM","SYSTEM","","###companyId###","input","none","{}","1"
"278","47","hrCompanyId","HR Company ID","string","2026-05-10 12:53:19.949579","2026-05-10 12:53:19.949579","","SYSTEM","SYSTEM","","###hrCompanyId###","input","none","{}","11"
"279","47","crmUserId","CRM User ID","string","2026-05-10 12:53:19.949579","2026-05-10 12:53:19.949579","","SYSTEM","SYSTEM","","###crmUserId###","input","none","{}","10"
"271","48","companyId","Company ID","number","2026-05-08 12:12:43.528698","2026-05-08 12:12:43.528698","","SYSTEM","SYSTEM","","###companyId###","input","none","{}","1"
"272","49","companyId","Company ID","number","2026-05-08 12:12:57.608283","2026-05-08 12:12:57.608283","","SYSTEM","SYSTEM","","###companyId###","input","none","{}","1"
"273","50","companyId","Company ID","number","2026-05-08 12:13:12.829517","2026-05-08 12:13:12.829517","","SYSTEM","SYSTEM","","###companyId###","input","none","{}","1"
"274","50","searchTerm","Search","string","2026-05-08 12:13:12.829517","2026-05-08 12:13:12.829517","","SYSTEM","SYSTEM","","###searchTerm###","input","none","{}","2"
"280","50","hrCompanyId","HR Company ID","string","2026-05-10 12:53:19.957649","2026-05-10 12:53:19.957649","","SYSTEM","SYSTEM","","###hrCompanyId###","input","none","{}","11"
"281","50","crmUserId","CRM User ID","string","2026-05-10 12:53:19.957649","2026-05-10 12:53:19.957649","","SYSTEM","SYSTEM","","###crmUserId###","input","none","{}","10"
"275","51","companyId","Company ID","number","2026-05-08 12:13:33.885964","2026-05-08 12:13:33.885964","","SYSTEM","SYSTEM","","###companyId###","input","none","{}","1"
"276","51","searchTerm","Search","string","2026-05-08 12:13:33.885964","2026-05-08 12:13:33.885964","","SYSTEM","SYSTEM","","###searchTerm###","input","none","{}","2"
"282","51","hrCompanyId","HR Company ID","string","2026-05-10 12:53:19.960744","2026-05-10 12:53:19.960744","","SYSTEM","SYSTEM","","###hrCompanyId###","input","none","{}","11"
"283","51","crmUserId","CRM User ID","string","2026-05-10 12:53:19.960744","2026-05-10 12:53:19.960744","","SYSTEM","SYSTEM","","###crmUserId###","input","none","{}","10"
"277","52","companyId","Company ID","number","2026-05-08 12:14:00.640021","2026-05-08 12:14:00.640021","","SYSTEM","SYSTEM","","###companyId###","input","none","{}","1"
"285","53","companyId","Company ID","number","2026-05-12 12:21:56.188796","2026-05-12 12:21:56.188796","","SYSTEM","SYSTEM","","###companyId###","input","none","{}","1"
"289","54","companyId","Company ID","number","2026-05-13 12:11:21.843585","2026-05-13 12:11:21.843585","","SYSTEM","SYSTEM","","###companyId###","input","none","{}","1"
"290","55","companyId","Company ID","number","2026-05-13 12:11:21.843585","2026-05-13 12:11:21.843585","","SYSTEM","SYSTEM","","###companyId###","input","none","{}","1"
"291","56","companyId","Company ID","number","2026-05-13 12:11:21.843585","2026-05-13 12:11:21.843585","","SYSTEM","SYSTEM","","###companyId###","input","none","{}","1"
"292","56","search","Search","string","2026-05-13 12:11:21.843585","2026-05-13 12:11:21.843585","","SYSTEM","SYSTEM","","###search###","input","none","{}","2"
"293","57","userId","User ID","number","2026-05-13 12:11:21.843585","2026-05-13 12:11:21.843585","","SYSTEM","SYSTEM","","###userId###","input","none","{}","1"
"42","22","externalHrUserId","External HR User ID","number","2026-05-14 04:03:43.174677","2026-05-14 04:03:43.174677","","SYSTEM","SYSTEM","","###externalHrUserId###","input","none","{}","99"
"45","22","policyStatus","Policy Status","string","2026-05-14 18:50:20.742867","2026-05-14 18:50:20.742867","","SYSTEM","SYSTEM","","###policyStatus###","input","none","{}","3"
"294","58","policyIds","Policy ID","number","2026-05-15 16:04:10.776694","2026-05-15 16:27:49.106145","","SYSTEM","SYSTEM","","###policyIds###","input","none","{}","1"
"295","31","claimNo","Claim Number","string","2026-05-15 17:03:23.765923","2026-05-15 17:03:23.765923","","SYSTEM","SYSTEM","","###claimNo###","input","none","{}","8"
"299","31","settlementDateFrom","Settlement Date From","string","2026-05-15 17:03:23.765923","2026-05-15 17:03:23.765923","","SYSTEM","SYSTEM","","###settlementDateFrom###","input","none","{}","12"
"300","31","settlementDateTo","Settlement Date To","string","2026-05-15 17:03:23.765923","2026-05-15 17:03:23.765923","","SYSTEM","SYSTEM","","###settlementDateTo###","input","none","{}","13"
"301","31","amountMin","Amount Min","string","2026-05-15 17:03:23.765923","2026-05-15 17:03:23.765923","","SYSTEM","SYSTEM","","###amountMin###","input","none","{}","14"
"302","31","amountMax","Amount Max","string","2026-05-15 17:03:23.765923","2026-05-15 17:03:23.765923","","SYSTEM","SYSTEM","","###amountMax###","input","none","{}","15"
"303","31","tat","TAT","string","2026-05-15 17:03:23.765923","2026-05-15 17:03:23.765923","","SYSTEM","SYSTEM","","###tat###","input","none","{}","16"
"239","31","claimDateFrom","Claim Date From","string","2026-05-08 12:06:13.348584","2026-05-15 17:18:32.74154","","SYSTEM","SYSTEM","","###claimDateFrom###","input","none","{}","5"
"240","31","claimDateTo","Claim Date To","string","2026-05-08 12:06:13.348584","2026-05-15 17:18:32.74154","","SYSTEM","SYSTEM","","###claimDateTo###","input","none","{}","6"
"296","31","employeeSearch","Employee Name / ID","string","2026-05-15 17:03:23.765923","2026-05-16 15:54:38.899173","2026-05-16 15:54:38.899173","SYSTEM","SYSTEM","","###employeeSearch###","input","none","{}","9"
"297","31","patientName","Patient Name","string","2026-05-15 17:03:23.765923","2026-05-16 15:54:38.899173","2026-05-16 15:54:38.899173","SYSTEM","SYSTEM","","###patientName###","input","none","{}","10"
"298","31","hospital","Hospital","string","2026-05-15 17:03:23.765923","2026-05-16 15:54:38.899173","2026-05-16 15:54:38.899173","SYSTEM","SYSTEM","","###hospital###","input","none","{}","11"
"48","31","search","Search","string","2026-05-18 12:07:27.813655","2026-05-18 12:07:27.813655","","","","","###search###","input","none","{}","17"
"49","52","externalHrUserId","External HR User ID","number","2026-05-18 15:19:28.001434","2026-05-18 15:19:28.001434","","SYSTEM","SYSTEM","","###externalHrUserId###","input","none","{}","99"
"50","25","externalHrUserId","External HR User ID","number","2026-05-18 15:19:28.001434","2026-05-18 15:19:28.001434","","SYSTEM","SYSTEM","","###externalHrUserId###","input","none","{}","99"
"51","47","externalHrUserId","External HR User ID","number","2026-05-18 15:19:28.001434","2026-05-18 15:19:28.001434","","SYSTEM","SYSTEM","","###externalHrUserId###","input","none","{}","99"
"52","40","externalHrUserId","External HR User ID","number","2026-05-18 15:19:28.001434","2026-05-18 15:19:28.001434","","SYSTEM","SYSTEM","","###externalHrUserId###","input","none","{}","99"
"53","41","externalHrUserId","External HR User ID","number","2026-05-18 15:19:28.001434","2026-05-18 15:19:28.001434","","SYSTEM","SYSTEM","","###externalHrUserId###","input","none","{}","99"
"54","42","externalHrUserId","External HR User ID","number","2026-05-18 15:19:28.001434","2026-05-18 15:19:28.001434","","SYSTEM","SYSTEM","","###externalHrUserId###","input","none","{}","99"
"55","44","externalHrUserId","External HR User ID","number","2026-05-18 15:19:28.001434","2026-05-18 15:19:28.001434","","SYSTEM","SYSTEM","","###externalHrUserId###","input","none","{}","99"
"56","45","externalHrUserId","External HR User ID","number","2026-05-18 15:19:28.001434","2026-05-18 15:19:28.001434","","SYSTEM","SYSTEM","","###externalHrUserId###","input","none","{}","99"
"57","46","externalHrUserId","External HR User ID","number","2026-05-18 15:19:28.001434","2026-05-18 15:19:28.001434","","SYSTEM","SYSTEM","","###externalHrUserId###","input","none","{}","99"
"58","31","externalHrUserId","External HR User ID","number","2026-05-18 15:19:28.001434","2026-05-18 15:19:28.001434","","SYSTEM","SYSTEM","","###externalHrUserId###","input","none","{}","99"
"60","25","locationIds","","","2026-05-19 11:57:34.427083","2026-05-19 11:57:34.427083","","","","","###locationIds###","","","",""
"61","47","locationIds","","","2026-05-19 11:57:34.427083","2026-05-19 11:57:34.427083","","","","","###locationIds###","","","",""
"62","40","locationIds","","","2026-05-19 11:57:34.427083","2026-05-19 11:57:34.427083","","","","","###locationIds###","","","",""
"63","41","locationIds","","","2026-05-19 11:57:34.427083","2026-05-19 11:57:34.427083","","","","","###locationIds###","","","",""
"64","42","locationIds","","","2026-05-19 11:57:34.427083","2026-05-19 11:57:34.427083","","","","","###locationIds###","","","",""
"65","44","locationIds","","","2026-05-19 11:57:34.427083","2026-05-19 11:57:34.427083","","","","","###locationIds###","","","",""
"66","45","locationIds","","","2026-05-19 11:57:34.427083","2026-05-19 11:57:34.427083","","","","","###locationIds###","","","",""
"67","46","locationIds","","","2026-05-19 11:57:34.427083","2026-05-19 11:57:34.427083","","","","","###locationIds###","","","",""
"68","31","locationIds","","","2026-05-19 11:57:34.427083","2026-05-19 11:57:34.427083","","","","","###locationIds###","","","",""
"69","22","locationIds","","","2026-05-19 11:57:34.427083","2026-05-19 11:57:34.427083","","","","","###locationIds###","","","",""
"70","24","locationIds","","","2026-05-19 15:11:34.748691","2026-05-19 15:11:34.748691","","SYSTEM","SYSTEM","","###locationIds###","","","",""
"71","28","locationIds","","","2026-05-19 15:11:34.748691","2026-05-19 15:11:34.748691","","SYSTEM","SYSTEM","","###locationIds###","","","",""
"72","29","locationIds","","","2026-05-19 15:11:34.748691","2026-05-19 15:11:34.748691","","SYSTEM","SYSTEM","","###locationIds###","","","",""
"73","50","locationIds","","","2026-05-19 15:29:20.744693","2026-05-19 15:29:20.744693","","SYSTEM","SYSTEM","","###locationIds###","","","",""
"74","51","locationIds","","","2026-05-19 15:29:20.744693","2026-05-19 15:29:20.744693","","SYSTEM","SYSTEM","","###locationIds###","","","",""
"75","52","locationIds","","","2026-05-19 15:39:34.745281","2026-05-19 15:39:34.745281","","SYSTEM","SYSTEM","","###locationIds###","","","",""
"77","17","companyId","Company ID","number","2026-05-22 08:16:27.944702","2026-05-22 08:16:27.944702","","SYSTEM","SYSTEM","","###companyId###","input","none","{}","1"
"78","17","status","Status","string","2026-05-22 08:16:27.944702","2026-05-22 08:16:27.944702","","SYSTEM","SYSTEM","","###status###","input","none","{}","2"
"79","17","category","Category","string","2026-05-22 08:16:27.944702","2026-05-22 08:16:27.944702","","SYSTEM","SYSTEM","","###category###","input","none","{}","3"
"80","17","search","Search Text","string","2026-05-22 08:16:27.944702","2026-05-22 08:16:27.944702","","SYSTEM","SYSTEM","","###search###","input","none","{}","4"
"81","17","raisedBy","Raised By","string","2026-05-22 08:16:27.944702","2026-05-22 08:16:27.944702","","SYSTEM","SYSTEM","","###raisedBy###","input","none","{}","5"
"84","18","companyId","Company ID","number","2026-05-28 19:18:23.423633","2026-05-28 19:18:23.423633","","SYSTEM","SYSTEM","","###companyId###","input","none","{}","1"
"85","18","policyId","Policy ID","number","2026-05-28 19:18:23.423633","2026-05-28 19:18:23.423633","","SYSTEM","SYSTEM","","###policyId###","input","none","{}","2"
"86","22","policyId","","","2026-06-01 06:18:17.506623","2026-06-01 06:18:17.506623","","SYSTEM","SYSTEM","","###policyId###","","","",""
"87","50","externalHrUserId","External HR User ID","integer","2026-06-01 19:06:18.450915","2026-06-01 19:06:18.450915","","SYSTEM","SYSTEM","","###externalHrUserId###","","","","12"
"88","55","externalHrUserId","External HR User ID","integer","2026-06-01 19:06:18.45826","2026-06-01 19:06:18.45826","","SYSTEM","SYSTEM","","###externalHrUserId###","","","","2"
"305","53","enrollStatus","Enrollment Status","string","2026-06-03 07:36:37.500276","2026-06-03 07:36:37.500276","","SYSTEM","SYSTEM","","###enrollStatus###","input","none","{}","4"
"89","19","companyId","Company","number","2026-06-30 13:32:03.99336","2026-06-30 13:32:03.99336","","SYSTEM","SYSTEM","","###companyId###","hidden","none","{}","1"
"93","60","companyId","Company","number","2026-07-02 14:34:10.225256","2026-07-02 14:34:10.225256","","SYSTEM","SYSTEM","","###companyId###","hidden","none","{}","1"
"94","19","policyId","Policy","number","2026-07-02 14:35:06.335398","2026-07-02 14:35:06.335398","","SYSTEM","SYSTEM","","###policyId###","hidden","none","{}","2"
"97","59","policyId","Policy","number","2026-07-02 15:04:22.700103","2026-07-02 15:04:22.700103","","SYSTEM","SYSTEM","","###policyId###","hidden","none","{}","1"
"98","19","enrollmentPeriodId","Enrollment Period","number","2026-07-02 17:41:44.410718","2026-07-02 17:41:44.410718","","SYSTEM","SYSTEM","","###enrollmentPeriodId###","hidden","none","{}","3"
"101","62","companyId","Company","number","2026-07-13 12:33:36.282489","2026-07-13 12:33:36.282489","","SYSTEM","SYSTEM","","###companyId###","hidden","none","{}","1"
"90","53","policyIds","Policy","number","2026-07-02 14:33:12.817524","2026-07-15 04:43:11.820471","","SYSTEM","SYSTEM","","###policyIds###","hidden","none","{}","2"
"99","53","enrollmentPeriodIds","Enrollment Period","number","2026-07-02 17:42:54.322198","2026-07-15 04:43:11.820471","","SYSTEM","SYSTEM","","###enrollmentPeriodIds###","hidden","none","{}","4"
"102","64","companyId","Company ID","integer","2026-07-15 04:43:11.834736","2026-07-15 04:43:11.834736","","SYSTEM","SYSTEM","","###companyId###","input","none","{}","1"
"103","65","companyId","Company ID","integer","2026-07-15 04:43:11.868927","2026-07-15 04:43:11.868927","","SYSTEM","SYSTEM","","###companyId###","input","none","{}","1"
"104","65","enrollmentPeriodIds","Enrollment Period IDs","varchar","2026-07-15 04:43:11.868927","2026-07-15 04:43:11.868927","","SYSTEM","SYSTEM","","###enrollmentPeriodIds###","input","none","{}","2"
"105","66","companyId","Company ID","number","2026-07-15 04:43:11.872222","2026-07-15 04:43:11.872222","","SYSTEM","SYSTEM","","###companyId###","input","none","{}","1"
"106","66","enrollStatus","Enrollment Status","string","2026-07-15 04:43:11.872222","2026-07-15 04:43:11.872222","","SYSTEM","SYSTEM","","###enrollStatus###","input","none","{}","4"
"107","66","policyIds","Policy","number","2026-07-15 04:43:11.872222","2026-07-15 04:43:11.872222","","SYSTEM","SYSTEM","","###policyIds###","hidden","none","{}","2"
"108","66","enrollmentPeriodIds","Enrollment Period","number","2026-07-15 04:43:11.872222","2026-07-15 04:43:11.872222","","SYSTEM","SYSTEM","","###enrollmentPeriodIds###","hidden","none","{}","4"