"id","admin_report_id","query_parameter_name","variable_name","label","data_type","created_at","updated_at","deleted_at","created_by","updated_by","deleted_by","alignment"
"5","1","entity_type","entityType","Entity Type","string","2025-07-23 18:50:54.150342","2025-07-23 18:50:54.150342","","","","",""
"6","1","entity_name","entityName","Entity Name","string","2025-07-23 18:50:54.150342","2025-07-23 18:50:54.150342","","","","",""
"7","1","operation","operation","Action","string","2025-07-23 18:50:54.150342","2025-07-23 18:50:54.150342","","","","",""
"10","1","status","status","Entity Status","string","2025-07-25 13:14:44.102729","","","1","","",""
"8","1","created_at","eventTime","Time of Action","date","2025-07-23 18:50:54.150342","2025-07-23 18:50:54.150342","","","","",""
"9","1","created_by","entityStatus","Performed By","string","2025-07-23 18:50:54.150342","2025-07-23 18:50:54.150342","","","","",""
"1","2","entity_type","entityType","Entity Type","string","2025-07-23 18:50:54.150342","2025-07-23 18:50:54.150342","","","","",""
"3","2","operation","operation","Action","string","2025-07-23 18:50:54.150342","2025-07-23 18:50:54.150342","","","","",""
"4","2","action_count","count","# of Actions","number","2025-07-23 18:50:54.150342","2025-07-23 18:50:54.150342","","","","",""
"2","2","created_by","performedBy","Performed By","string","2025-07-23 18:50:54.150342","2025-07-23 18:50:54.150342","","","","",""
"12","9","operation","operation","Action","string","2025-08-02 09:30:56.483659","","","1","","",""
"13","9","attempts","attempts","# of Attempts","number","2025-08-02 09:30:56.483659","","","1","","",""
"14","5","lookup_name","lookupName","Name","string","2025-08-02 09:43:55.408989","","","1","","",""
"15","5","lookup_value","lookupValue","Value","string","2025-08-02 09:43:55.408989","","","1","","",""
"17","5","display_order","displayOrder","Display Sequence","string","2025-08-02 09:43:55.408989","","","1","","",""
"18","5","lookup_value_key","lookupValueKey","Value Key","string","2025-08-02 09:43:55.408989","","","1","","",""
"20","5","lookup_id","lookupId","ID","number","2025-08-02 09:43:55.408989","","","1","","",""
"16","5","lookup_description","lookupDescription","Description","string","2025-08-02 09:43:55.408989","","","1","","",""
"19","5","unique_lookup_key","uniqueLookupKey","Unique Key","string","2025-08-02 09:43:55.408989","","","1","","",""
"21","8","employee_from","employeeFrom","Employee (Source)","string","2025-08-02 09:54:54.271364","","","1","","",""
"22","8","hierarchy","hierarchy","Hierarchy Type","string","2025-08-02 09:54:54.271364","","","1","","",""
"23","8","employee_to","employee_to","Employee (Target)","string","2025-08-02 09:54:54.271364","","","1","","",""
"24","8","from_reference_status","from_reference_status","Status (Source Employee)","string","2025-08-02 09:54:54.271364","","","1","","",""
"25","8","to_reference_status","to_reference_status","Status (Target Employee)","string","2025-08-02 09:54:54.271364","","","1","","",""
"26","8","from_reference_id","from_reference_id","User ID (Source Employee)","number","2025-08-02 09:54:54.271364","","","1","","",""
"27","8","to_reference_id","to_reference_id","User ID (Target Employee)","number","2025-08-02 09:54:54.271364","","","1","","",""
"28","7","function_name","functionName","Function Name","string","2025-08-02 10:03:10.17945","","","1","","",""
"29","7","action_name","actionName","Action Name","string","2025-08-02 10:03:10.17945","","","1","","",""
"30","7","permitted_role_name","permittedRoleName","Permitted Role Name","string","2025-08-02 10:03:10.17945","","","1","","",""
"32","10","operation","operation","Action","string","2025-08-02 10:09:56.632545","","","1","","",""
"33","10","created_at","createdAt","Time of Action","date","2025-08-02 10:09:56.632545","","","1","","",""
"11","9","create_by","createdBy","Performed By","string","2025-08-02 09:30:56.483659","","","1","","",""
"31","10","create_by","createdBy","Performed By","string","2025-08-02 10:09:56.632545","","","1","","",""
"63","14","organisation_name","organisationName","Organisation Name","string","2025-08-04 09:18:05.218304","","","1","","",""
"64","14","vertical_name","verticalName","Vertical Name","string","2025-08-04 09:18:05.218304","","","1","","",""
"65","14","department_name","departmentName","Department Name","string","2025-08-04 09:18:05.218304","","","1","","",""
"66","15","designation_name","designationName","Designation Name","string","2025-08-04 09:18:05.222506","","","1","","",""
"67","15","grade_level","grade_level","Grade Level","number","2025-08-04 09:18:05.222506","","","1","","",""
"68","11","iirm_employee_id","iirmEmployeeId","IIRM Employee Id","string","2025-08-13 05:33:45.036039","","","1","","",""
"69","12","iirm_employee_id","iirmEmployeeId","IIRM Employee Id","string","2025-08-13 05:38:25.689583","","","1","","",""
"201","20","employee_id","employeeId","Employee Id","number","2025-08-26 12:21:11.017376","","","1","","",""
"202","20","employee_name","employeeName","Employee Name","string","2025-08-26 12:21:11.017376","","","1","","",""
"203","20","manager_id","managerId","Manager ID","number","2025-08-26 12:21:11.017376","","","1","","",""
"204","20","manager_name","managerName","Manager Name","string","2025-08-26 12:21:11.017376","","","1","","",""
"205","20","skip_level","skipLevel","Skip Level","number","2025-08-26 12:21:11.017376","","","1","","",""
"206","20","relationship","relationship","Relationship","string","2025-08-26 12:21:11.017376","","","1","","",""
"207","20","hierarchy","hierarchy","Hierarchy","string","2025-08-26 12:21:11.017376","","","1","","",""
"208","20","hierarchy_path","hierarchyPath","Hierarchy Path","string","2025-08-26 12:21:11.017376","","","1","","",""
"209","20","visual_hierarchy","visualHierarchy","Visual Hierarchy","string","2025-08-26 12:21:11.017376","","","1","","",""
"70","16","user_name","userName","User Name","string","2025-11-27 11:00:32.199792","","","1","","",""
"71","16","user_email","userEmail","User Email","string","2025-11-27 11:00:32.199792","","","1","","",""
"72","16","permitted_function_name","permittedFunctionName","Permitted Function Name","string","2025-11-27 11:00:32.199792","","","1","","",""
"73","16","permitted_action_name","permittedActionName","Permitted Action Name","string","2025-11-27 11:00:32.199792","","","1","","",""
"60","13","organisation_name","organisationName","Organisation Name","string","2025-08-04 09:20:15.314197","","","1","","",""
"61","13","vertical_name","verticalName","Vertical Name","string","2025-08-04 09:20:15.314197","","","1","","",""
"62","13","department_name","departmentName","Department Name","string","2025-08-04 09:20:15.314197","","","1","","",""
"34","11","user_name","userName","User Name","string","2025-08-04 08:41:30.816704","","","1","","",""
"35","11","manager_name","managerName","Manager Name","string","2025-08-04 08:41:30.816704","","","1","","",""
"36","11","organisation","organisation","Organisation","string","2025-08-04 08:41:30.816704","","","1","","",""
"37","11","vertical","vertical","Vertical","string","2025-08-04 08:41:30.816704","","","1","","",""
"38","11","department","department","Department","string","2025-08-04 08:41:30.816704","","","1","","",""
"39","11","branch","branch","Branch","string","2025-08-04 08:41:30.816704","","","1","","",""
"40","11","designation","designation","Designation","string","2025-08-04 08:41:30.816704","","","1","","",""
"41","11","roles","roles","Roles","string","2025-08-04 08:41:30.816704","","","1","","",""
"42","11","user_email","userEmail","User Email","string","2025-08-04 08:41:30.816704","","","1","","",""
"43","11","manager_email","managerEmail","Manager Email","string","2025-08-04 08:41:30.816704","","","1","","",""
"44","11","login","login","Login","string","2025-08-04 08:41:30.816704","","","1","","",""
"45","11","uid","uId","User ID","number","2025-08-04 08:41:30.816704","","","1","","",""
"46","11","manager_uid","managerUid","Manager ID","number","2025-08-04 08:41:30.816704","","","1","","",""
"47","12","user_name","userName","User Name","string","2025-08-04 08:41:30.825206","","","1","","",""
"48","12","manager_name","managerName","Manager Name","string","2025-08-04 08:41:30.825206","","","1","","",""
"49","12","organisation","organisation","Organisation","string","2025-08-04 08:41:30.825206","","","1","","",""
"50","12","vertical","vertical","Vertical","string","2025-08-04 08:41:30.825206","","","1","","",""
"51","12","department","department","Department","string","2025-08-04 08:41:30.825206","","","1","","",""
"52","12","branch","branch","Branch","string","2025-08-04 08:41:30.825206","","","1","","",""
"53","12","designation","designation","Designation","string","2025-08-04 08:41:30.825206","","","1","","",""
"54","12","roles","roles","Roles","string","2025-08-04 08:41:30.825206","","","1","","",""
"55","12","user_email","userEmail","User Email","string","2025-08-04 08:41:30.825206","","","1","","",""
"56","12","manager_email","managerEmail","Manager Email","string","2025-08-04 08:41:30.825206","","","1","","",""
"57","12","login","login","Login","string","2025-08-04 08:41:30.825206","","","1","","",""
"58","12","uid","uId","User ID","number","2025-08-04 08:41:30.825206","","","1","","",""
"59","12","manager_uid","managerUid","Manager ID","number","2025-08-04 08:41:30.825206","","","1","","",""
"210","21","inceptionPremium","inceptionPremium","Inception Premium","number","2026-05-08 12:02:18.92567","2026-05-08 12:02:18.92567","","SYSTEM","SYSTEM","","right"
"211","21","additionPremium","additionPremium","Addition Premium","number","2026-05-08 12:02:18.92567","2026-05-08 12:02:18.92567","","SYSTEM","SYSTEM","","right"
"212","21","deletionPremium","deletionPremium","Deletion Premium","number","2026-05-08 12:02:18.92567","2026-05-08 12:02:18.92567","","SYSTEM","SYSTEM","","right"
"213","21","topUpPremium","topUpPremium","Top-Up Premium","number","2026-05-08 12:02:18.92567","2026-05-08 12:02:18.92567","","SYSTEM","SYSTEM","","right"
"214","21","totalPremium","totalPremium","Total Premium","number","2026-05-08 12:02:18.92567","2026-05-08 12:02:18.92567","","SYSTEM","SYSTEM","","right"
"215","21","inceptionPremiumPrevYear","inceptionPremiumPrevYear","Inception Premium (Prev Year)","number","2026-05-08 12:02:18.92567","2026-05-08 12:02:18.92567","","SYSTEM","SYSTEM","","right"
"216","21","additionPremiumPrevYear","additionPremiumPrevYear","Addition Premium (Prev Year)","number","2026-05-08 12:02:18.92567","2026-05-08 12:02:18.92567","","SYSTEM","SYSTEM","","right"
"217","21","deletionPremiumPrevYear","deletionPremiumPrevYear","Deletion Premium (Prev Year)","number","2026-05-08 12:02:18.92567","2026-05-08 12:02:18.92567","","SYSTEM","SYSTEM","","right"
"218","21","topUpPremiumPrevYear","topUpPremiumPrevYear","Top-Up Premium (Prev Year)","number","2026-05-08 12:02:18.92567","2026-05-08 12:02:18.92567","","SYSTEM","SYSTEM","","right"
"219","21","totalPremiumPrevYear","totalPremiumPrevYear","Total Premium (Prev Year)","number","2026-05-08 12:02:18.92567","2026-05-08 12:02:18.92567","","SYSTEM","SYSTEM","","right"
"220","21","totalPremiumYoYChangePercent","totalPremiumYoYChangePercent","Total Premium YoY Change (%)","number","2026-05-08 12:02:18.92567","2026-05-08 12:02:18.92567","","SYSTEM","SYSTEM","","right"
"221","22","policyId","policyId","Policy ID","number","2026-05-08 12:02:49.480869","2026-05-08 12:02:49.480869","","SYSTEM","SYSTEM","","right"
"222","22","policyName","policyName","Policy Name","string","2026-05-08 12:02:49.480869","2026-05-08 12:02:49.480869","","SYSTEM","SYSTEM","","left"
"223","22","policyTypeKey","policyTypeKey","Policy Type Key","string","2026-05-08 12:02:49.480869","2026-05-08 12:02:49.480869","","SYSTEM","SYSTEM","","left"
"224","22","insurer","insurer","Insurer","string","2026-05-08 12:02:49.480869","2026-05-08 12:02:49.480869","","SYSTEM","SYSTEM","","left"
"225","22","periodStart","periodStart","Period Start","string","2026-05-08 12:02:49.480869","2026-05-08 12:02:49.480869","","SYSTEM","SYSTEM","","left"
"226","22","periodEnd","periodEnd","Period End","string","2026-05-08 12:02:49.480869","2026-05-08 12:02:49.480869","","SYSTEM","SYSTEM","","left"
"227","22","totalLives","totalLives","Total Lives","number","2026-05-08 12:02:49.480869","2026-05-08 12:02:49.480869","","SYSTEM","SYSTEM","","right"
"228","22","employeeCount","employeeCount","Employee Count","number","2026-05-08 12:02:49.480869","2026-05-08 12:02:49.480869","","SYSTEM","SYSTEM","","right"
"229","22","dependentCount","dependentCount","Dependent Count","number","2026-05-08 12:02:49.480869","2026-05-08 12:02:49.480869","","SYSTEM","SYSTEM","","right"
"230","22","netPremium","netPremium","Net Premium","number","2026-05-08 12:02:49.480869","2026-05-08 12:02:49.480869","","SYSTEM","SYSTEM","","right"
"231","22","cdBalance","cdBalance","CD Balance","number","2026-05-08 12:02:49.480869","2026-05-08 12:02:49.480869","","SYSTEM","SYSTEM","","right"
"232","22","cdUsedAmount","cdUsedAmount","CD Used Amount","number","2026-05-08 12:02:49.480869","2026-05-08 12:02:49.480869","","SYSTEM","SYSTEM","","right"
"233","22","totalClaims","totalClaims","Total Claims","number","2026-05-08 12:02:49.480869","2026-05-08 12:02:49.480869","","SYSTEM","SYSTEM","","right"
"234","22","claimAmount","claimAmount","Claim Amount","number","2026-05-08 12:02:49.480869","2026-05-08 12:02:49.480869","","SYSTEM","SYSTEM","","right"
"235","22","enrolledCount","enrolledCount","Enrolled Count","number","2026-05-08 12:02:49.480869","2026-05-08 12:02:49.480869","","SYSTEM","SYSTEM","","right"
"236","22","enrolledPercent","enrolledPercent","Enrolled %","number","2026-05-08 12:02:49.480869","2026-05-08 12:02:49.480869","","SYSTEM","SYSTEM","","right"
"237","22","inProgressCount","inProgressCount","In-Progress Count","number","2026-05-08 12:02:49.480869","2026-05-08 12:02:49.480869","","SYSTEM","SYSTEM","","right"
"238","22","inProgressPercent","inProgressPercent","In-Progress %","number","2026-05-08 12:02:49.480869","2026-05-08 12:02:49.480869","","SYSTEM","SYSTEM","","right"
"239","22","notEnrolledCount","notEnrolledCount","Not Enrolled Count","number","2026-05-08 12:02:49.480869","2026-05-08 12:02:49.480869","","SYSTEM","SYSTEM","","right"
"240","22","notEnrolledPercent","notEnrolledPercent","Not Enrolled %","number","2026-05-08 12:02:49.480869","2026-05-08 12:02:49.480869","","SYSTEM","SYSTEM","","right"
"241","22","icrPercent","icrPercent","ICR %","number","2026-05-08 12:02:49.480869","2026-05-08 12:02:49.480869","","SYSTEM","SYSTEM","","right"
"242","22","icrClaimCount","icrClaimCount","ICR Claim Count","number","2026-05-08 12:02:49.480869","2026-05-08 12:02:49.480869","","SYSTEM","SYSTEM","","right"
"243","22","icrSamePeriodLYPercent","icrSamePeriodLYPercent","ICR Same Period LY %","number","2026-05-08 12:02:49.480869","2026-05-08 12:02:49.480869","","SYSTEM","SYSTEM","","right"
"244","22","icrSamePeriodLYAmount","icrSamePeriodLYAmount","ICR Same Period LY Amt","number","2026-05-08 12:02:49.480869","2026-05-08 12:02:49.480869","","SYSTEM","SYSTEM","","right"
"245","22","icrFullYearAvgLY","icrFullYearAvgLY","ICR Full Year Avg LY","number","2026-05-08 12:02:49.480869","2026-05-08 12:02:49.480869","","SYSTEM","SYSTEM","","right"
"246","22","icrYoYChangePercent","icrYoYChangePercent","ICR YoY Change %","number","2026-05-08 12:02:49.480869","2026-05-08 12:02:49.480869","","SYSTEM","SYSTEM","","right"
"247","22","icrForecastPercent","icrForecastPercent","ICR Forecast %","number","2026-05-08 12:02:49.480869","2026-05-08 12:02:49.480869","","SYSTEM","SYSTEM","","right"
"248","22","memberAdditions","memberAdditions","Member Additions","number","2026-05-08 12:02:49.480869","2026-05-08 12:02:49.480869","","SYSTEM","SYSTEM","","right"
"249","22","memberDeletions","memberDeletions","Member Deletions","number","2026-05-08 12:02:49.480869","2026-05-08 12:02:49.480869","","SYSTEM","SYSTEM","","right"
"553","22","iiRmTypeKey","iiRmTypeKey","IIRM Type Key","string","2026-05-08 14:25:49.270863","2026-05-08 14:25:49.270863","","SYSTEM","SYSTEM","","left"
"554","22","earnedPremium","earnedPremium","Earned Premium","number","2026-05-10 12:30:46.239664","2026-05-10 12:30:46.239664","","SYSTEM","SYSTEM","","right"
"555","22","tpaName","tpaName","TPA Name","string","2026-05-10 12:30:46.239664","2026-05-10 12:30:46.239664","","SYSTEM","SYSTEM","","left"
"556","22","policyNumber","policyNumber","Policy Number","string","2026-05-10 12:30:46.239664","2026-05-10 12:30:46.239664","","SYSTEM","SYSTEM","","left"
"250","23","totalClaimsCount","totalClaimsCount","Total Claims Count","number","2026-05-08 12:03:17.876687","2026-05-08 12:03:17.876687","","SYSTEM","SYSTEM","","right"
"251","23","totalClaimsAmount","totalClaimsAmount","Total Claims Amount","number","2026-05-08 12:03:17.876687","2026-05-08 12:03:17.876687","","SYSTEM","SYSTEM","","right"
"252","23","paidClaimsAmount","paidClaimsAmount","Paid Claims Amount","number","2026-05-08 12:03:17.876687","2026-05-08 12:03:17.876687","","SYSTEM","SYSTEM","","right"
"253","23","paidClaimsCount","paidClaimsCount","Paid Claims Count","number","2026-05-08 12:03:17.876687","2026-05-08 12:03:17.876687","","SYSTEM","SYSTEM","","right"
"254","23","pendingClaimsAmount","pendingClaimsAmount","Pending Claims Amount","number","2026-05-08 12:03:17.876687","2026-05-08 12:03:17.876687","","SYSTEM","SYSTEM","","right"
"255","23","pendingClaimsCount","pendingClaimsCount","Pending Claims Count","number","2026-05-08 12:03:17.876687","2026-05-08 12:03:17.876687","","SYSTEM","SYSTEM","","right"
"256","23","claimRatioPercent","claimRatioPercent","Claim Ratio %","number","2026-05-08 12:03:17.876687","2026-05-08 12:03:17.876687","","SYSTEM","SYSTEM","","right"
"310","28","totalAmount","totalAmount","Total Amount","number","2026-05-08 12:05:08.299731","2026-05-08 12:05:08.299731","","SYSTEM","SYSTEM","","right"
"257","23","totalClaimsCountPrevYear","totalClaimsCountPrevYear","Total Claims Count (Prev Year)","number","2026-05-08 12:03:17.876687","2026-05-08 12:03:17.876687","","SYSTEM","SYSTEM","","right"
"258","23","totalClaimsAmountPrevYear","totalClaimsAmountPrevYear","Total Claims Amount (Prev Year)","number","2026-05-08 12:03:17.876687","2026-05-08 12:03:17.876687","","SYSTEM","SYSTEM","","right"
"259","23","paidClaimsAmountPrevYear","paidClaimsAmountPrevYear","Paid Claims Amount (Prev Year)","number","2026-05-08 12:03:17.876687","2026-05-08 12:03:17.876687","","SYSTEM","SYSTEM","","right"
"260","23","paidClaimsCountPrevYear","paidClaimsCountPrevYear","Paid Claims Count (Prev Year)","number","2026-05-08 12:03:17.876687","2026-05-08 12:03:17.876687","","SYSTEM","SYSTEM","","right"
"261","23","pendingClaimsAmountPrevYear","pendingClaimsAmountPrevYear","Pending Claims Amount (Prev Year)","number","2026-05-08 12:03:17.876687","2026-05-08 12:03:17.876687","","SYSTEM","SYSTEM","","right"
"262","23","pendingClaimsCountPrevYear","pendingClaimsCountPrevYear","Pending Claims Count (Prev Year)","number","2026-05-08 12:03:17.876687","2026-05-08 12:03:17.876687","","SYSTEM","SYSTEM","","right"
"263","23","claimRatioPercentPrevYear","claimRatioPercentPrevYear","Claim Ratio % (Prev Year)","number","2026-05-08 12:03:17.876687","2026-05-08 12:03:17.876687","","SYSTEM","SYSTEM","","right"
"264","23","totalClaimsAmountYoYChangePercent","totalClaimsAmountYoYChangePercent","Total Claims YoY Change (%)","number","2026-05-08 12:03:17.876687","2026-05-08 12:03:17.876687","","SYSTEM","SYSTEM","","right"
"265","23","paidClaimsAmountYoYChangePercent","paidClaimsAmountYoYChangePercent","Paid Claims YoY Change (%)","number","2026-05-08 12:03:17.876687","2026-05-08 12:03:17.876687","","SYSTEM","SYSTEM","","right"
"266","23","pendingClaimsAmountYoYChangePercent","pendingClaimsAmountYoYChangePercent","Pending Claims YoY Change (%)","number","2026-05-08 12:03:17.876687","2026-05-08 12:03:17.876687","","SYSTEM","SYSTEM","","right"
"267","24","month","month","Month","string","2026-05-08 12:03:43.680983","2026-05-08 12:03:43.680983","","SYSTEM","SYSTEM","","left"
"268","24","monthStart","monthStart","Month Start","string","2026-05-08 12:03:43.680983","2026-05-08 12:03:43.680983","","SYSTEM","SYSTEM","","left"
"269","24","cashlessAmount","cashlessAmount","Cashless Amount","number","2026-05-08 12:03:43.680983","2026-05-08 12:03:43.680983","","SYSTEM","SYSTEM","","right"
"270","24","reimbursementAmount","reimbursementAmount","Reimbursement Amount","number","2026-05-08 12:03:43.680983","2026-05-08 12:03:43.680983","","SYSTEM","SYSTEM","","right"
"271","24","cashlessCount","cashlessCount","Cashless Count","number","2026-05-08 12:03:43.680983","2026-05-08 12:03:43.680983","","SYSTEM","SYSTEM","","right"
"272","24","reimbursementCount","reimbursementCount","Reimbursement Count","number","2026-05-08 12:03:43.680983","2026-05-08 12:03:43.680983","","SYSTEM","SYSTEM","","right"
"273","24","cashlessAmountPrevYear","cashlessAmountPrevYear","Cashless Amount (Prev Year)","number","2026-05-08 12:03:43.680983","2026-05-08 12:03:43.680983","","SYSTEM","SYSTEM","","right"
"274","24","reimbursementAmountPrevYear","reimbursementAmountPrevYear","Reimbursement Amount (Prev Year)","number","2026-05-08 12:03:43.680983","2026-05-08 12:03:43.680983","","SYSTEM","SYSTEM","","right"
"275","24","cashlessCountPrevYear","cashlessCountPrevYear","Cashless Count (Prev Year)","number","2026-05-08 12:03:43.680983","2026-05-08 12:03:43.680983","","SYSTEM","SYSTEM","","right"
"276","24","reimbursementCountPrevYear","reimbursementCountPrevYear","Reimbursement Count (Prev Year)","number","2026-05-08 12:03:43.680983","2026-05-08 12:03:43.680983","","SYSTEM","SYSTEM","","right"
"277","25","totalEligible","totalEligible","Total Eligible","number","2026-05-08 12:04:03.096693","2026-05-08 12:04:03.096693","","SYSTEM","SYSTEM","","right"
"278","25","loggedIn","loggedIn","Logged In","number","2026-05-08 12:04:03.096693","2026-05-08 12:04:03.096693","","SYSTEM","SYSTEM","","right"
"279","25","notLoggedIn","notLoggedIn","Not Logged In","number","2026-05-08 12:04:03.096693","2026-05-08 12:04:03.096693","","SYSTEM","SYSTEM","","right"
"280","25","enrollmentConfirmed","enrollmentConfirmed","Enrollment Confirmed","number","2026-05-08 12:04:03.096693","2026-05-08 12:04:03.096693","","SYSTEM","SYSTEM","","right"
"281","25","loggedInPercent","loggedInPercent","Logged In %","number","2026-05-08 12:04:03.096693","2026-05-08 12:04:03.096693","","SYSTEM","SYSTEM","","right"
"282","25","notLoggedInPercent","notLoggedInPercent","Not Logged In %","number","2026-05-08 12:04:03.096693","2026-05-08 12:04:03.096693","","SYSTEM","SYSTEM","","right"
"283","25","enrollmentConfirmedPercent","enrollmentConfirmedPercent","Enrollment Confirmed %","number","2026-05-08 12:04:03.096693","2026-05-08 12:04:03.096693","","SYSTEM","SYSTEM","","right"
"284","26","inceptionMembersTotal","inceptionMembersTotal","Inception Members Total","number","2026-05-08 12:04:29.721841","2026-05-08 12:04:29.721841","","SYSTEM","SYSTEM","","right"
"285","26","inceptionEmployees","inceptionEmployees","Inception Employees","number","2026-05-08 12:04:29.721841","2026-05-08 12:04:29.721841","","SYSTEM","SYSTEM","","right"
"286","26","inceptionDependents","inceptionDependents","Inception Dependents","number","2026-05-08 12:04:29.721841","2026-05-08 12:04:29.721841","","SYSTEM","SYSTEM","","right"
"287","26","newAdditionsTotal","newAdditionsTotal","New Additions Total","number","2026-05-08 12:04:29.721841","2026-05-08 12:04:29.721841","","SYSTEM","SYSTEM","","right"
"288","26","newAdditionsEmployees","newAdditionsEmployees","New Additions Employees","number","2026-05-08 12:04:29.721841","2026-05-08 12:04:29.721841","","SYSTEM","SYSTEM","","right"
"289","26","newAdditionsDependents","newAdditionsDependents","New Additions Dependents","number","2026-05-08 12:04:29.721841","2026-05-08 12:04:29.721841","","SYSTEM","SYSTEM","","right"
"290","26","deletionsTotal","deletionsTotal","Deletions Total","number","2026-05-08 12:04:29.721841","2026-05-08 12:04:29.721841","","SYSTEM","SYSTEM","","right"
"291","26","deletionsEmployees","deletionsEmployees","Deletions Employees","number","2026-05-08 12:04:29.721841","2026-05-08 12:04:29.721841","","SYSTEM","SYSTEM","","right"
"292","26","deletionsDependents","deletionsDependents","Deletions Dependents","number","2026-05-08 12:04:29.721841","2026-05-08 12:04:29.721841","","SYSTEM","SYSTEM","","right"
"293","26","totalActiveMembers","totalActiveMembers","Total Active Members","number","2026-05-08 12:04:29.721841","2026-05-08 12:04:29.721841","","SYSTEM","SYSTEM","","right"
"294","26","totalActiveEmployees","totalActiveEmployees","Total Active Employees","number","2026-05-08 12:04:29.721841","2026-05-08 12:04:29.721841","","SYSTEM","SYSTEM","","right"
"295","26","totalActiveDependents","totalActiveDependents","Total Active Dependents","number","2026-05-08 12:04:29.721841","2026-05-08 12:04:29.721841","","SYSTEM","SYSTEM","","right"
"296","27","employeeId","employeeId","Employee ID","number","2026-05-08 12:04:47.227841","2026-05-08 12:04:47.227841","","SYSTEM","SYSTEM","","right"
"297","27","employeeCode","employeeCode","Employee Code","string","2026-05-08 12:04:47.227841","2026-05-08 12:04:47.227841","","SYSTEM","SYSTEM","","left"
"298","27","employeeName","employeeName","Employee Name","string","2026-05-08 12:04:47.227841","2026-05-08 12:04:47.227841","","SYSTEM","SYSTEM","","left"
"299","27","department","department","Designation / Dept","string","2026-05-08 12:04:47.227841","2026-05-08 12:04:47.227841","","SYSTEM","SYSTEM","","left"
"300","27","totalClaims","totalClaims","Total Claims","number","2026-05-08 12:04:47.227841","2026-05-08 12:04:47.227841","","SYSTEM","SYSTEM","","right"
"301","27","totalAmount","totalAmount","Total Amount","number","2026-05-08 12:04:47.227841","2026-05-08 12:04:47.227841","","SYSTEM","SYSTEM","","right"
"302","27","totalAmountPrevYear","totalAmountPrevYear","Total Amount (Prev Year)","number","2026-05-08 12:04:47.227841","2026-05-08 12:04:47.227841","","SYSTEM","SYSTEM","","right"
"303","27","rankPrevYear","rankPrevYear","Rank (Prev Year)","number","2026-05-08 12:04:47.227841","2026-05-08 12:04:47.227841","","SYSTEM","SYSTEM","","right"
"304","27","rankChange","rankChange","Rank Change","number","2026-05-08 12:04:47.227841","2026-05-08 12:04:47.227841","","SYSTEM","SYSTEM","","right"
"305","27","yoYChangePercent","yoYChangePercent","YoY Change (%)","number","2026-05-08 12:04:47.227841","2026-05-08 12:04:47.227841","","SYSTEM","SYSTEM","","right"
"306","28","hospitalId","hospitalId","Hospital ID","string","2026-05-08 12:05:08.299731","2026-05-08 12:05:08.299731","","SYSTEM","SYSTEM","","left"
"307","28","hospitalName","hospitalName","Hospital Name","string","2026-05-08 12:05:08.299731","2026-05-08 12:05:08.299731","","SYSTEM","SYSTEM","","left"
"308","28","city","city","City","string","2026-05-08 12:05:08.299731","2026-05-08 12:05:08.299731","","SYSTEM","SYSTEM","","left"
"309","28","totalClaims","totalClaims","Total Claims","number","2026-05-08 12:05:08.299731","2026-05-08 12:05:08.299731","","SYSTEM","SYSTEM","","right"
"311","28","totalAmountPrevYear","totalAmountPrevYear","Total Amount (Prev Year)","number","2026-05-08 12:05:08.299731","2026-05-08 12:05:08.299731","","SYSTEM","SYSTEM","","right"
"312","28","rankPrevYear","rankPrevYear","Rank (Prev Year)","number","2026-05-08 12:05:08.299731","2026-05-08 12:05:08.299731","","SYSTEM","SYSTEM","","right"
"313","28","rankChange","rankChange","Rank Change","number","2026-05-08 12:05:08.299731","2026-05-08 12:05:08.299731","","SYSTEM","SYSTEM","","right"
"314","28","yoYChangePercent","yoYChangePercent","YoY Change (%)","number","2026-05-08 12:05:08.299731","2026-05-08 12:05:08.299731","","SYSTEM","SYSTEM","","right"
"315","29","diseaseCategory","diseaseCategory","Disease Category","string","2026-05-08 12:05:23.976083","2026-05-08 12:05:23.976083","","SYSTEM","SYSTEM","","left"
"316","29","totalClaims","totalClaims","Total Claims","number","2026-05-08 12:05:23.976083","2026-05-08 12:05:23.976083","","SYSTEM","SYSTEM","","right"
"317","29","totalAmount","totalAmount","Total Amount","number","2026-05-08 12:05:23.976083","2026-05-08 12:05:23.976083","","SYSTEM","SYSTEM","","right"
"318","29","totalAmountPrevYear","totalAmountPrevYear","Total Amount (Prev Year)","number","2026-05-08 12:05:23.976083","2026-05-08 12:05:23.976083","","SYSTEM","SYSTEM","","right"
"319","29","rankPrevYear","rankPrevYear","Rank (Prev Year)","number","2026-05-08 12:05:23.976083","2026-05-08 12:05:23.976083","","SYSTEM","SYSTEM","","right"
"320","29","rankChange","rankChange","Rank Change","number","2026-05-08 12:05:23.976083","2026-05-08 12:05:23.976083","","SYSTEM","SYSTEM","","right"
"321","29","yoYChangePercent","yoYChangePercent","YoY Change (%)","number","2026-05-08 12:05:23.976083","2026-05-08 12:05:23.976083","","SYSTEM","SYSTEM","","right"
"322","30","policyId","policyId","Policy ID","number","2026-05-08 12:05:38.20827","2026-05-08 12:05:38.20827","","SYSTEM","SYSTEM","","right"
"323","30","policyName","policyName","Policy Name","string","2026-05-08 12:05:38.20827","2026-05-08 12:05:38.20827","","SYSTEM","SYSTEM","","left"
"324","30","netPremium","netPremium","Net Premium","number","2026-05-08 12:05:38.20827","2026-05-08 12:05:38.20827","","SYSTEM","SYSTEM","","right"
"325","30","cdBalance","cdBalance","CD Balance","number","2026-05-08 12:05:38.20827","2026-05-08 12:05:38.20827","","SYSTEM","SYSTEM","","right"
"326","30","safeLimit","safeLimit","Safe Limit (5%)","number","2026-05-08 12:05:38.20827","2026-05-08 12:05:38.20827","","SYSTEM","SYSTEM","","right"
"327","30","usedPercent","usedPercent","Used (%)","number","2026-05-08 12:05:38.20827","2026-05-08 12:05:38.20827","","SYSTEM","SYSTEM","","right"
"328","30","usedAmount","usedAmount","Used Amount","number","2026-05-08 12:05:38.20827","2026-05-08 12:05:38.20827","","SYSTEM","SYSTEM","","right"
"329","30","insurer","insurer","Insurer","string","2026-05-08 12:05:38.20827","2026-05-08 12:05:38.20827","","SYSTEM","SYSTEM","","left"
"330","30","periodStart","periodStart","Period Start","string","2026-05-08 12:05:38.20827","2026-05-08 12:05:38.20827","","SYSTEM","SYSTEM","","left"
"331","30","periodEnd","periodEnd","Period End","string","2026-05-08 12:05:38.20827","2026-05-08 12:05:38.20827","","SYSTEM","SYSTEM","","left"
"332","31","claimId","claimId","Claim ID","number","2026-05-08 12:06:13.348584","2026-05-08 12:06:13.348584","","SYSTEM","SYSTEM","","right"
"333","31","claimNumber","claimNumber","Claim Number","string","2026-05-08 12:06:13.348584","2026-05-08 12:06:13.348584","","SYSTEM","SYSTEM","","left"
"334","31","patientName","patientName","Patient Name","string","2026-05-08 12:06:13.348584","2026-05-08 12:06:13.348584","","SYSTEM","SYSTEM","","left"
"335","31","relation","relation","Relation","string","2026-05-08 12:06:13.348584","2026-05-08 12:06:13.348584","","SYSTEM","SYSTEM","","left"
"336","31","hospital","hospital","Hospital","string","2026-05-08 12:06:13.348584","2026-05-08 12:06:13.348584","","SYSTEM","SYSTEM","","left"
"337","31","claimDate","claimDate","Claim Date","date","2026-05-08 12:06:13.348584","2026-05-08 12:06:13.348584","","SYSTEM","SYSTEM","","left"
"338","31","claimType","claimType","Claim Type","string","2026-05-08 12:06:13.348584","2026-05-08 12:06:13.348584","","SYSTEM","SYSTEM","","left"
"339","31","claimedAmount","claimedAmount","Claimed Amount","number","2026-05-08 12:06:13.348584","2026-05-08 12:06:13.348584","","SYSTEM","SYSTEM","","right"
"340","31","approvedAmount","approvedAmount","Approved Amount","number","2026-05-08 12:06:13.348584","2026-05-08 12:06:13.348584","","SYSTEM","SYSTEM","","right"
"341","31","settlementDate","settlementDate","Settlement Date","date","2026-05-08 12:06:13.348584","2026-05-08 12:06:13.348584","","SYSTEM","SYSTEM","","left"
"342","31","status","status","Status","string","2026-05-08 12:06:13.348584","2026-05-08 12:06:13.348584","","SYSTEM","SYSTEM","","left"
"343","32","totalEmployees","totalEmployees","Total Employees","number","2026-05-08 12:06:29.443626","2026-05-08 12:06:29.443626","","SYSTEM","SYSTEM","","right"
"344","32","totalDependents","totalDependents","Total Dependents","number","2026-05-08 12:06:29.443626","2026-05-08 12:06:29.443626","","SYSTEM","SYSTEM","","right"
"345","32","enrolledCount","enrolledCount","Enrolled","number","2026-05-08 12:06:29.443626","2026-05-08 12:06:29.443626","","SYSTEM","SYSTEM","","right"
"346","32","inProgressCount","inProgressCount","In Progress","number","2026-05-08 12:06:29.443626","2026-05-08 12:06:29.443626","","SYSTEM","SYSTEM","","right"
"347","32","notStartedCount","notStartedCount","Not Started","number","2026-05-08 12:06:29.443626","2026-05-08 12:06:29.443626","","SYSTEM","SYSTEM","","right"
"348","32","notEnrolledCount","notEnrolledCount","Not Enrolled","number","2026-05-08 12:06:29.443626","2026-05-08 12:06:29.443626","","SYSTEM","SYSTEM","","right"
"349","32","enrolledPercent","enrolledPercent","Enrolled (%)","number","2026-05-08 12:06:29.443626","2026-05-08 12:06:29.443626","","SYSTEM","SYSTEM","","right"
"350","32","inProgressPercent","inProgressPercent","In Progress (%)","number","2026-05-08 12:06:29.443626","2026-05-08 12:06:29.443626","","SYSTEM","SYSTEM","","right"
"351","32","notStartedPercent","notStartedPercent","Not Started (%)","number","2026-05-08 12:06:29.443626","2026-05-08 12:06:29.443626","","SYSTEM","SYSTEM","","right"
"352","33","policyId","policyId","Policy ID","number","2026-05-08 12:06:45.937996","2026-05-08 12:06:45.937996","","SYSTEM","SYSTEM","","right"
"353","33","policyName","policyName","Policy Name","string","2026-05-08 12:06:45.937996","2026-05-08 12:06:45.937996","","SYSTEM","SYSTEM","","left"
"354","33","policyTypeKey","policyTypeKey","Policy Type","string","2026-05-08 12:06:45.937996","2026-05-08 12:06:45.937996","","SYSTEM","SYSTEM","","left"
"355","33","policyNumber","policyNumber","Policy Number","string","2026-05-08 12:06:45.937996","2026-05-08 12:06:45.937996","","SYSTEM","SYSTEM","","left"
"356","33","periodStart","periodStart","Period Start","string","2026-05-08 12:06:45.937996","2026-05-08 12:06:45.937996","","SYSTEM","SYSTEM","","left"
"357","33","periodEnd","periodEnd","Period End","string","2026-05-08 12:06:45.937996","2026-05-08 12:06:45.937996","","SYSTEM","SYSTEM","","left"
"358","33","netPremium","netPremium","Net Premium","number","2026-05-08 12:06:45.937996","2026-05-08 12:06:45.937996","","SYSTEM","SYSTEM","","right"
"359","33","totalLives","totalLives","Total Lives","number","2026-05-08 12:06:45.937996","2026-05-08 12:06:45.937996","","SYSTEM","SYSTEM","","right"
"428","40","totalEndorsements","totalEndorsements","Total Endorsements","number","2026-05-08 12:08:57.413819","2026-05-08 12:08:57.413819","","SYSTEM","SYSTEM","","right"
"429","40","netGrossPremium","netGrossPremium","Net Gross Premium","number","2026-05-08 12:08:57.413819","2026-05-08 12:08:57.413819","","SYSTEM","SYSTEM","","right"
"430","41","employeesAtInception","employeesAtInception","Employees at Inception","number","2026-05-08 12:08:57.415724","2026-05-08 12:08:57.415724","","SYSTEM","SYSTEM","","right"
"431","41","employeesInAddition","employeesInAddition","Employees in Addition","number","2026-05-08 12:08:57.415724","2026-05-08 12:08:57.415724","","SYSTEM","SYSTEM","","right"
"432","41","employeesInDeletion","employeesInDeletion","Employees in Deletion","number","2026-05-08 12:08:57.415724","2026-05-08 12:08:57.415724","","SYSTEM","SYSTEM","","right"
"433","41","activeEmployees","activeEmployees","Active Employees","number","2026-05-08 12:08:57.415724","2026-05-08 12:08:57.415724","","SYSTEM","SYSTEM","","right"
"434","41","livesAtInception","livesAtInception","Lives at Inception","number","2026-05-08 12:08:57.415724","2026-05-08 12:08:57.415724","","SYSTEM","SYSTEM","","right"
"435","41","livesInAddition","livesInAddition","Lives in Addition","number","2026-05-08 12:08:57.415724","2026-05-08 12:08:57.415724","","SYSTEM","SYSTEM","","right"
"436","41","livesInDeletion","livesInDeletion","Lives in Deletion","number","2026-05-08 12:08:57.415724","2026-05-08 12:08:57.415724","","SYSTEM","SYSTEM","","right"
"437","41","activeLives","activeLives","Active Lives","number","2026-05-08 12:08:57.415724","2026-05-08 12:08:57.415724","","SYSTEM","SYSTEM","","right"
"438","42","endorsementId","endorsementId","Endorsement ID","number","2026-05-08 12:09:18.263787","2026-05-08 12:09:18.263787","","SYSTEM","SYSTEM","","right"
"439","42","policyId","policyId","Policy ID","number","2026-05-08 12:09:18.263787","2026-05-08 12:09:18.263787","","SYSTEM","SYSTEM","","right"
"440","42","policyNumber","policyNumber","Policy Number","string","2026-05-08 12:09:18.263787","2026-05-08 12:09:18.263787","","SYSTEM","SYSTEM","","left"
"441","42","endorsementType","endorsementType","Endorsement Type","string","2026-05-08 12:09:18.263787","2026-05-08 12:09:18.263787","","SYSTEM","SYSTEM","","left"
"442","42","enrollmentStartDate","enrollmentStartDate","Enrollment Start","string","2026-05-08 12:09:18.263787","2026-05-08 12:09:18.263787","","SYSTEM","SYSTEM","","left"
"443","42","enrollmentEndDate","enrollmentEndDate","Enrollment End","string","2026-05-08 12:09:18.263787","2026-05-08 12:09:18.263787","","SYSTEM","SYSTEM","","left"
"444","42","createdAt","createdAt","Created At","string","2026-05-08 12:09:18.263787","2026-05-08 12:09:18.263787","","SYSTEM","SYSTEM","","left"
"445","42","osTicketNumber","osTicketNumber","OS Ticket Number","string","2026-05-08 12:09:18.263787","2026-05-08 12:09:18.263787","","SYSTEM","SYSTEM","","left"
"446","42","endorsementStatus","endorsementStatus","Endorsement Status","string","2026-05-08 12:09:18.263787","2026-05-08 12:09:18.263787","","SYSTEM","SYSTEM","","left"
"447","42","uploadCount","uploadCount","Upload Count","number","2026-05-08 12:09:18.263787","2026-05-08 12:09:18.263787","","SYSTEM","SYSTEM","","right"
"448","42","totalSuccessCount","totalSuccessCount","Total Success Count","number","2026-05-08 12:09:18.263787","2026-05-08 12:09:18.263787","","SYSTEM","SYSTEM","","right"
"449","42","totalErrorCount","totalErrorCount","Total Error Count","number","2026-05-08 12:09:18.263787","2026-05-08 12:09:18.263787","","SYSTEM","SYSTEM","","right"
"450","42","totalProcessCount","totalProcessCount","Total Process Count","number","2026-05-08 12:09:18.263787","2026-05-08 12:09:18.263787","","SYSTEM","SYSTEM","","right"
"451","43","componentKey","componentKey","Component Key","string","2026-05-08 12:09:33.433056","2026-05-08 12:09:33.433056","","SYSTEM","SYSTEM","","left"
"452","43","componentLabel","componentLabel","Component Label","string","2026-05-08 12:09:33.433056","2026-05-08 12:09:33.433056","","SYSTEM","SYSTEM","","left"
"453","43","amount","amount","Amount","number","2026-05-08 12:09:33.433056","2026-05-08 12:09:33.433056","","SYSTEM","SYSTEM","","right"
"454","44","totalDepositBalance","totalDepositBalance","Total Deposit Balance","number","2026-05-08 12:09:48.874743","2026-05-08 12:09:48.874743","","SYSTEM","SYSTEM","","right"
"455","44","activeCdAccountsCount","activeCdAccountsCount","Active CD Accounts Count","number","2026-05-08 12:09:48.874743","2026-05-08 12:09:48.874743","","SYSTEM","SYSTEM","","right"
"456","44","utilisedAmount","utilisedAmount","Utilised Amount","number","2026-05-08 12:09:48.874743","2026-05-08 12:09:48.874743","","SYSTEM","SYSTEM","","right"
"457","44","utilisedPercent","utilisedPercent","Utilised Percent","number","2026-05-08 12:09:48.874743","2026-05-08 12:09:48.874743","","SYSTEM","SYSTEM","","right"
"458","44","lastDepositDate","lastDepositDate","Last Deposit Date","string","2026-05-08 12:09:48.874743","2026-05-08 12:09:48.874743","","SYSTEM","SYSTEM","","left"
"459","44","lastDepositAmount","lastDepositAmount","Last Deposit Amount","number","2026-05-08 12:09:48.874743","2026-05-08 12:09:48.874743","","SYSTEM","SYSTEM","","right"
"460","44","lastDepositBank","lastDepositBank","Last Deposit Bank","string","2026-05-08 12:09:48.874743","2026-05-08 12:09:48.874743","","SYSTEM","SYSTEM","","left"
"461","44","balanceTrendData","balanceTrendData","Balance Trend Data","string","2026-05-08 12:09:48.874743","2026-05-08 12:09:48.874743","","SYSTEM","SYSTEM","","left"
"462","45","cdAccountId","cdAccountId","CD Account ID","number","2026-05-08 12:10:03.360642","2026-05-08 12:10:03.360642","","SYSTEM","SYSTEM","","right"
"463","45","cdAccountNumber","cdAccountNumber","CD Account Number","string","2026-05-08 12:10:03.360642","2026-05-08 12:10:03.360642","","SYSTEM","SYSTEM","","left"
"464","45","cdAccountName","cdAccountName","CD Account Name","string","2026-05-08 12:10:03.360642","2026-05-08 12:10:03.360642","","SYSTEM","SYSTEM","","left"
"465","45","policyNumber","policyNumber","Policy Number","string","2026-05-08 12:10:03.360642","2026-05-08 12:10:03.360642","","SYSTEM","SYSTEM","","left"
"466","45","policyId","policyId","Policy ID","number","2026-05-08 12:10:03.360642","2026-05-08 12:10:03.360642","","SYSTEM","SYSTEM","","right"
"467","45","depositBalance","depositBalance","Deposit Balance","number","2026-05-08 12:10:03.360642","2026-05-08 12:10:03.360642","","SYSTEM","SYSTEM","","right"
"468","45","utilisedAmount","utilisedAmount","Utilised Amount","number","2026-05-08 12:10:03.360642","2026-05-08 12:10:03.360642","","SYSTEM","SYSTEM","","right"
"469","45","utilisationPercent","utilisationPercent","Utilisation Percent","number","2026-05-08 12:10:03.360642","2026-05-08 12:10:03.360642","","SYSTEM","SYSTEM","","right"
"470","45","lastUpdated","lastUpdated","Last Updated","string","2026-05-08 12:10:03.360642","2026-05-08 12:10:03.360642","","SYSTEM","SYSTEM","","left"
"471","46","txnId","txnId","Transaction ID","number","2026-05-08 12:10:14.870678","2026-05-08 12:10:14.870678","","SYSTEM","SYSTEM","","right"
"472","46","txnDate","txnDate","Transaction Date","string","2026-05-08 12:10:14.870678","2026-05-08 12:10:14.870678","","SYSTEM","SYSTEM","","left"
"473","46","txnType","txnType","Transaction Type","string","2026-05-08 12:10:14.870678","2026-05-08 12:10:14.870678","","SYSTEM","SYSTEM","","left"
"474","46","amount","amount","Amount","number","2026-05-08 12:10:14.870678","2026-05-08 12:10:14.870678","","SYSTEM","SYSTEM","","right"
"475","46","policyNumber","policyNumber","Policy Number","string","2026-05-08 12:10:14.870678","2026-05-08 12:10:14.870678","","SYSTEM","SYSTEM","","left"
"476","46","bankName","bankName","Bank Name","string","2026-05-08 12:10:14.870678","2026-05-08 12:10:14.870678","","SYSTEM","SYSTEM","","left"
"477","46","referenceId","referenceId","Reference ID","string","2026-05-08 12:10:14.870678","2026-05-08 12:10:14.870678","","SYSTEM","SYSTEM","","left"
"478","46","runningBalance","runningBalance","Running Balance","string","2026-05-08 12:10:14.870678","2026-05-08 12:10:14.870678","","SYSTEM","SYSTEM","","left"
"479","46","endorsementNumber","endorsementNumber","Endorsement Number","string","2026-05-08 12:10:14.870678","2026-05-08 12:10:14.870678","","SYSTEM","SYSTEM","","left"
"480","46","endorsementType","endorsementType","Endorsement Type","string","2026-05-08 12:10:14.870678","2026-05-08 12:10:14.870678","","SYSTEM","SYSTEM","","left"
"481","46","transactionValueDate","transactionValueDate","Transaction Value Date","string","2026-05-08 12:10:14.870678","2026-05-08 12:10:14.870678","","SYSTEM","SYSTEM","","left"
"482","46","createdBy","createdBy","Created By","string","2026-05-08 12:10:14.870678","2026-05-08 12:10:14.870678","","SYSTEM","SYSTEM","","left"
"483","46","remarks","remarks","Remarks","string","2026-05-08 12:10:14.870678","2026-05-08 12:10:14.870678","","SYSTEM","SYSTEM","","left"
"484","46","ifscCode","ifscCode","IFSC Code","string","2026-05-08 12:10:14.870678","2026-05-08 12:10:14.870678","","SYSTEM","SYSTEM","","left"
"558","46","cdAccountNumber","cdAccountNumber","CD Account Number","string","2026-05-12 12:21:32.259252","2026-05-12 12:21:32.259252","","SYSTEM","SYSTEM","","left"
"485","47","totalCompanies","totalCompanies","Total Companies","number","2026-05-08 12:12:27.895499","2026-05-08 12:12:27.895499","","SYSTEM","SYSTEM","","right"
"486","47","totalPolicies","totalPolicies","Total Policies","number","2026-05-08 12:12:27.895499","2026-05-08 12:12:27.895499","","SYSTEM","SYSTEM","","right"
"487","47","activePolicies","activePolicies","Active Policies","number","2026-05-08 12:12:27.895499","2026-05-08 12:12:27.895499","","SYSTEM","SYSTEM","","right"
"488","47","inactivePolicies","inactivePolicies","Inactive Policies","number","2026-05-08 12:12:27.895499","2026-05-08 12:12:27.895499","","SYSTEM","SYSTEM","","right"
"489","47","totalLives","totalLives","Total Lives","number","2026-05-08 12:12:27.895499","2026-05-08 12:12:27.895499","","SYSTEM","SYSTEM","","right"
"490","47","totalPremium","totalPremium","Total Premium","number","2026-05-08 12:12:27.895499","2026-05-08 12:12:27.895499","","SYSTEM","SYSTEM","","right"
"491","48","companyId","companyId","Company ID","number","2026-05-08 12:12:43.528698","2026-05-08 12:12:43.528698","","SYSTEM","SYSTEM","","right"
"492","48","companyName","companyName","Company","string","2026-05-08 12:12:43.528698","2026-05-08 12:12:43.528698","","SYSTEM","SYSTEM","","left"
"493","48","industry","industry","Industry","string","2026-05-08 12:12:43.528698","2026-05-08 12:12:43.528698","","SYSTEM","SYSTEM","","left"
"494","48","city","city","City","string","2026-05-08 12:12:43.528698","2026-05-08 12:12:43.528698","","SYSTEM","SYSTEM","","left"
"495","48","state","state","State","string","2026-05-08 12:12:43.528698","2026-05-08 12:12:43.528698","","SYSTEM","SYSTEM","","left"
"496","48","employeeCount","employeeCount","Employees","number","2026-05-08 12:12:43.528698","2026-05-08 12:12:43.528698","","SYSTEM","SYSTEM","","right"
"497","48","rmName","rmName","RM","string","2026-05-08 12:12:43.528698","2026-05-08 12:12:43.528698","","SYSTEM","SYSTEM","","left"
"498","48","groupId","groupId","Group ID","number","2026-05-08 12:12:43.528698","2026-05-08 12:12:43.528698","","SYSTEM","SYSTEM","","right"
"499","48","groupName","groupName","Group","string","2026-05-08 12:12:43.528698","2026-05-08 12:12:43.528698","","SYSTEM","SYSTEM","","left"
"500","48","groupSector","groupSector","Sector","string","2026-05-08 12:12:43.528698","2026-05-08 12:12:43.528698","","SYSTEM","SYSTEM","","left"
"501","48","companyRole","companyRole","Role","string","2026-05-08 12:12:43.528698","2026-05-08 12:12:43.528698","","SYSTEM","SYSTEM","","left"
"502","48","policyCount","policyCount","Policies","number","2026-05-08 12:12:43.528698","2026-05-08 12:12:43.528698","","SYSTEM","SYSTEM","","right"
"503","48","activePolicyCount","activePolicyCount","Active Policies","number","2026-05-08 12:12:43.528698","2026-05-08 12:12:43.528698","","SYSTEM","SYSTEM","","right"
"504","48","inactivePolicyCount","inactivePolicyCount","Inactive Policies","number","2026-05-08 12:12:43.528698","2026-05-08 12:12:43.528698","","SYSTEM","SYSTEM","","right"
"505","49","policyId","policyId","Policy ID","number","2026-05-08 12:12:57.608283","2026-05-08 12:12:57.608283","","SYSTEM","SYSTEM","","right"
"506","49","companyId","companyId","Company ID","number","2026-05-08 12:12:57.608283","2026-05-08 12:12:57.608283","","SYSTEM","SYSTEM","","right"
"507","49","policyTypeCode","policyTypeCode","Type Code","string","2026-05-08 12:12:57.608283","2026-05-08 12:12:57.608283","","SYSTEM","SYSTEM","","left"
"508","49","policyTypeName","policyTypeName","Policy Type","string","2026-05-08 12:12:57.608283","2026-05-08 12:12:57.608283","","SYSTEM","SYSTEM","","left"
"509","49","insurerName","insurerName","Insurer","string","2026-05-08 12:12:57.608283","2026-05-08 12:12:57.608283","","SYSTEM","SYSTEM","","left"
"510","49","policyNumber","policyNumber","Policy No.","string","2026-05-08 12:12:57.608283","2026-05-08 12:12:57.608283","","SYSTEM","SYSTEM","","left"
"511","49","premiumAmount","premiumAmount","Premium","number","2026-05-08 12:12:57.608283","2026-05-08 12:12:57.608283","","SYSTEM","SYSTEM","","right"
"512","49","startDate","startDate","Start Date","string","2026-05-08 12:12:57.608283","2026-05-08 12:12:57.608283","","SYSTEM","SYSTEM","","left"
"513","49","endDate","endDate","End Date","string","2026-05-08 12:12:57.608283","2026-05-08 12:12:57.608283","","SYSTEM","SYSTEM","","left"
"514","49","policyStatus","policyStatus","Status","string","2026-05-08 12:12:57.608283","2026-05-08 12:12:57.608283","","SYSTEM","SYSTEM","","left"
"515","50","companyId","companyId","Company ID","number","2026-05-08 12:13:12.829517","2026-05-08 12:13:12.829517","","SYSTEM","SYSTEM","","right"
"516","50","companyName","companyName","Company","string","2026-05-08 12:13:12.829517","2026-05-08 12:13:12.829517","","SYSTEM","SYSTEM","","left"
"517","50","industry","industry","Industry","string","2026-05-08 12:13:12.829517","2026-05-08 12:13:12.829517","","SYSTEM","SYSTEM","","left"
"518","50","city","city","City","string","2026-05-08 12:13:12.829517","2026-05-08 12:13:12.829517","","SYSTEM","SYSTEM","","left"
"519","50","state","state","State","string","2026-05-08 12:13:12.829517","2026-05-08 12:13:12.829517","","SYSTEM","SYSTEM","","left"
"520","50","employeeCount","employeeCount","Employees","number","2026-05-08 12:13:12.829517","2026-05-08 12:13:12.829517","","SYSTEM","SYSTEM","","right"
"521","50","rmName","rmName","RM","string","2026-05-08 12:13:12.829517","2026-05-08 12:13:12.829517","","SYSTEM","SYSTEM","","left"
"522","50","groupId","groupId","Group ID","number","2026-05-08 12:13:12.829517","2026-05-08 12:13:12.829517","","SYSTEM","SYSTEM","","right"
"523","50","groupName","groupName","Group","string","2026-05-08 12:13:12.829517","2026-05-08 12:13:12.829517","","SYSTEM","SYSTEM","","left"
"524","50","groupSector","groupSector","Sector","string","2026-05-08 12:13:12.829517","2026-05-08 12:13:12.829517","","SYSTEM","SYSTEM","","left"
"525","50","companyRole","companyRole","Role","string","2026-05-08 12:13:12.829517","2026-05-08 12:13:12.829517","","SYSTEM","SYSTEM","","left"
"526","50","policyCount","policyCount","Policies","number","2026-05-08 12:13:12.829517","2026-05-08 12:13:12.829517","","SYSTEM","SYSTEM","","right"
"527","50","activePolicyCount","activePolicyCount","Active Policies","number","2026-05-08 12:13:12.829517","2026-05-08 12:13:12.829517","","SYSTEM","SYSTEM","","right"
"528","50","inactivePolicyCount","inactivePolicyCount","Inactive Policies","number","2026-05-08 12:13:12.829517","2026-05-08 12:13:12.829517","","SYSTEM","SYSTEM","","right"
"529","51","companyId","companyId","Company ID","number","2026-05-08 12:13:33.885964","2026-05-08 12:13:33.885964","","SYSTEM","SYSTEM","","right"
"530","51","companyName","companyName","Company","string","2026-05-08 12:13:33.885964","2026-05-08 12:13:33.885964","","SYSTEM","SYSTEM","","left"
"531","51","industry","industry","Industry","string","2026-05-08 12:13:33.885964","2026-05-08 12:13:33.885964","","SYSTEM","SYSTEM","","left"
"532","51","city","city","City","string","2026-05-08 12:13:33.885964","2026-05-08 12:13:33.885964","","SYSTEM","SYSTEM","","left"
"533","51","state","state","State","string","2026-05-08 12:13:33.885964","2026-05-08 12:13:33.885964","","SYSTEM","SYSTEM","","left"
"534","51","employeeCount","employeeCount","Employees","number","2026-05-08 12:13:33.885964","2026-05-08 12:13:33.885964","","SYSTEM","SYSTEM","","right"
"535","51","rmName","rmName","RM","string","2026-05-08 12:13:33.885964","2026-05-08 12:13:33.885964","","SYSTEM","SYSTEM","","left"
"536","51","groupId","groupId","Group ID","number","2026-05-08 12:13:33.885964","2026-05-08 12:13:33.885964","","SYSTEM","SYSTEM","","right"
"537","51","groupName","groupName","Group","string","2026-05-08 12:13:33.885964","2026-05-08 12:13:33.885964","","SYSTEM","SYSTEM","","left"
"538","51","groupSector","groupSector","Sector","string","2026-05-08 12:13:33.885964","2026-05-08 12:13:33.885964","","SYSTEM","SYSTEM","","left"
"539","51","companyRole","companyRole","Role","string","2026-05-08 12:13:33.885964","2026-05-08 12:13:33.885964","","SYSTEM","SYSTEM","","left"
"540","51","policyCount","policyCount","Policies","number","2026-05-08 12:13:33.885964","2026-05-08 12:13:33.885964","","SYSTEM","SYSTEM","","right"
"541","51","activePolicyCount","activePolicyCount","Active Policies","number","2026-05-08 12:13:33.885964","2026-05-08 12:13:33.885964","","SYSTEM","SYSTEM","","right"
"542","51","inactivePolicyCount","inactivePolicyCount","Inactive Policies","number","2026-05-08 12:13:33.885964","2026-05-08 12:13:33.885964","","SYSTEM","SYSTEM","","right"
"543","52","policyId","policyId","Policy ID","number","2026-05-08 12:14:00.640021","2026-05-08 12:14:00.640021","","SYSTEM","SYSTEM","","right"
"544","52","companyId","companyId","Company ID","number","2026-05-08 12:14:00.640021","2026-05-08 12:14:00.640021","","SYSTEM","SYSTEM","","right"
"545","52","policyTypeCode","policyTypeCode","Type Code","string","2026-05-08 12:14:00.640021","2026-05-08 12:14:00.640021","","SYSTEM","SYSTEM","","left"
"546","52","policyTypeName","policyTypeName","Policy Type","string","2026-05-08 12:14:00.640021","2026-05-08 12:14:00.640021","","SYSTEM","SYSTEM","","left"
"547","52","insurerName","insurerName","Insurer","string","2026-05-08 12:14:00.640021","2026-05-08 12:14:00.640021","","SYSTEM","SYSTEM","","left"
"548","52","policyNumber","policyNumber","Policy No.","string","2026-05-08 12:14:00.640021","2026-05-08 12:14:00.640021","","SYSTEM","SYSTEM","","left"
"549","52","premiumAmount","premiumAmount","Premium","number","2026-05-08 12:14:00.640021","2026-05-08 12:14:00.640021","","SYSTEM","SYSTEM","","right"
"550","52","startDate","startDate","Start Date","string","2026-05-08 12:14:00.640021","2026-05-08 12:14:00.640021","","SYSTEM","SYSTEM","","left"
"551","52","endDate","endDate","End Date","string","2026-05-08 12:14:00.640021","2026-05-08 12:14:00.640021","","SYSTEM","SYSTEM","","left"
"552","52","policyStatus","policyStatus","Status","string","2026-05-08 12:14:00.640021","2026-05-08 12:14:00.640021","","SYSTEM","SYSTEM","","left"
"557","52","tpaName","tpaName","TPA","string","2026-05-11 14:59:19.630154","2026-05-11 14:59:19.630154","","SYSTEM","SYSTEM","","left"
"559","53","employeeId","employeeId","Employee ID","number","2026-05-12 12:21:56.188796","2026-05-12 12:21:56.188796","","SYSTEM","SYSTEM","","right"
"560","53","companyEmployeeId","companyEmployeeId","Company Employee ID","string","2026-05-12 12:21:56.188796","2026-05-12 12:21:56.188796","","SYSTEM","SYSTEM","","left"
"561","53","employeeName","employeeName","Employee Name","string","2026-05-12 12:21:56.188796","2026-05-12 12:21:56.188796","","SYSTEM","SYSTEM","","left"
"562","53","fullName","fullName","Full Name","string","2026-05-12 12:21:56.188796","2026-05-12 12:21:56.188796","","SYSTEM","SYSTEM","","left"
"563","53","email","email","Email","string","2026-05-12 12:21:56.188796","2026-05-12 12:21:56.188796","","SYSTEM","SYSTEM","","left"
"564","53","gender","gender","Gender","string","2026-05-12 12:21:56.188796","2026-05-12 12:21:56.188796","","SYSTEM","SYSTEM","","left"
"565","53","dateOfBirth","dateOfBirth","Date Of Birth","date","2026-05-12 12:21:56.188796","2026-05-12 12:21:56.188796","","SYSTEM","SYSTEM","","left"
"566","53","mobile","mobile","Mobile","string","2026-05-12 12:21:56.188796","2026-05-12 12:21:56.188796","","SYSTEM","SYSTEM","","left"
"567","53","enrollStatus","enrollStatus","Enroll Status","string","2026-05-12 12:21:56.188796","2026-05-12 12:21:56.188796","","SYSTEM","SYSTEM","","left"
"568","53","sumInsured","sumInsured","Sum Insured","number","2026-05-12 12:21:56.188796","2026-05-12 12:21:56.188796","","SYSTEM","SYSTEM","","right"
"569","53","dependentsCount","dependentsCount","Dependents Count","number","2026-05-12 12:21:56.188796","2026-05-12 12:21:56.188796","","SYSTEM","SYSTEM","","right"
"570","53","ecardKey","ecardKey","E-Card Key","string","2026-05-12 12:21:56.188796","2026-05-12 12:21:56.188796","","SYSTEM","SYSTEM","","left"
"571","53","lastLoginAt","lastLoginAt","Last Login At","date","2026-05-12 12:21:56.188796","2026-05-12 12:21:56.188796","","SYSTEM","SYSTEM","","left"
"572","54","id","id","ID","number","2026-05-13 12:11:21.843585","2026-05-13 12:11:21.843585","","SYSTEM","SYSTEM","","right"
"573","54","name","name","Policy Name","string","2026-05-13 12:11:21.843585","2026-05-13 12:11:21.843585","","SYSTEM","SYSTEM","","left"
"574","55","id","id","ID","number","2026-05-13 12:11:21.843585","2026-05-13 12:11:21.843585","","SYSTEM","SYSTEM","","right"
"576","56","hr_management_id","hrManagementId","HR Management ID","number","2026-05-13 12:11:21.843585","2026-05-13 12:11:21.843585","","SYSTEM","SYSTEM","","right"
"577","56","user_id","userId","User ID","number","2026-05-13 12:11:21.843585","2026-05-13 12:11:21.843585","","SYSTEM","SYSTEM","","right"
"578","56","full_name","fullName","Full Name","string","2026-05-13 12:11:21.843585","2026-05-13 12:11:21.843585","","SYSTEM","SYSTEM","","left"
"579","56","email","email","Email","string","2026-05-13 12:11:21.843585","2026-05-13 12:11:21.843585","","SYSTEM","SYSTEM","","left"
"580","56","role_key","roleKey","Role Key","string","2026-05-13 12:11:21.843585","2026-05-13 12:11:21.843585","","SYSTEM","SYSTEM","","left"
"581","56","company_name","companyName","Company Name","string","2026-05-13 12:11:21.843585","2026-05-13 12:11:21.843585","","SYSTEM","SYSTEM","","left"
"582","56","company_id","companyId","Company ID","number","2026-05-13 12:11:21.843585","2026-05-13 12:11:21.843585","","SYSTEM","SYSTEM","","right"
"583","56","policy_count","policyCount","Policy Count","number","2026-05-13 12:11:21.843585","2026-05-13 12:11:21.843585","","SYSTEM","SYSTEM","","right"
"584","56","created_at","createdAt","Created At","string","2026-05-13 12:11:21.843585","2026-05-13 12:11:21.843585","","SYSTEM","SYSTEM","","left"
"585","57","hr_management_id","hrManagementId","HR Management ID","number","2026-05-13 12:11:21.843585","2026-05-13 12:11:21.843585","","SYSTEM","SYSTEM","","right"
"586","57","user_id","userId","User ID","number","2026-05-13 12:11:21.843585","2026-05-13 12:11:21.843585","","SYSTEM","SYSTEM","","right"
"587","57","full_name","fullName","Full Name","string","2026-05-13 12:11:21.843585","2026-05-13 12:11:21.843585","","SYSTEM","SYSTEM","","left"
"588","57","email","email","Email","string","2026-05-13 12:11:21.843585","2026-05-13 12:11:21.843585","","SYSTEM","SYSTEM","","left"
"589","57","role_key","roleKey","Role Key","string","2026-05-13 12:11:21.843585","2026-05-13 12:11:21.843585","","SYSTEM","SYSTEM","","left"
"590","57","company_id","companyId","Company ID","number","2026-05-13 12:11:21.843585","2026-05-13 12:11:21.843585","","SYSTEM","SYSTEM","","right"
"591","57","company_name","companyName","Company Name","string","2026-05-13 12:11:21.843585","2026-05-13 12:11:21.843585","","SYSTEM","SYSTEM","","left"
"592","57","policies","policies","Policies","string","2026-05-13 12:11:21.843585","2026-05-13 12:11:21.843585","","SYSTEM","SYSTEM","","left"
"593","57","locations","locations","Locations","string","2026-05-13 12:11:21.843585","2026-05-13 12:11:21.843585","","SYSTEM","SYSTEM","","left"
"596","57","phone_number","phoneNumber","Phone","string","2026-05-13 13:10:24.210286","2026-05-13 13:10:24.210286","","SYSTEM","SYSTEM","","left"
"597","57","date_of_birth","dateOfBirth","Date of Birth","string","2026-05-13 13:10:24.210286","2026-05-13 13:10:24.210286","","SYSTEM","SYSTEM","","left"
"74","22","cdAccountNumber","cdAccountNumber","CD Account Number","string","2026-05-14 15:57:22.73709","2026-05-14 15:57:22.73709","","SYSTEM","SYSTEM","","left"
"75","17","id","id","ID","number","2026-05-22 08:16:27.944702","2026-05-22 08:16:27.944702","","SYSTEM","SYSTEM","","right"
"76","17","ticketId","ticketId","Ticket ID","string","2026-05-22 08:16:27.944702","2026-05-22 08:16:27.944702","","SYSTEM","SYSTEM","","left"
"77","17","employeeId","employeeId","Employee ID","number","2026-05-22 08:16:27.944702","2026-05-22 08:16:27.944702","","SYSTEM","SYSTEM","","right"
"78","17","employeeName","employeeName","Employee Name","string","2026-05-22 08:16:27.944702","2026-05-22 08:16:27.944702","","SYSTEM","SYSTEM","","left"
"79","17","employeeEmail","employeeEmail","Employee Email","string","2026-05-22 08:16:27.944702","2026-05-22 08:16:27.944702","","SYSTEM","SYSTEM","","left"
"80","17","designation","designation","Department","string","2026-05-22 08:16:27.944702","2026-05-22 08:16:27.944702","","SYSTEM","SYSTEM","","left"
"81","17","category","category","Category","string","2026-05-22 08:16:27.944702","2026-05-22 08:16:27.944702","","SYSTEM","SYSTEM","","left"
"82","17","status","status","Status","string","2026-05-22 08:16:27.944702","2026-05-22 08:16:27.944702","","SYSTEM","SYSTEM","","left"
"83","17","priority","priority","Priority","string","2026-05-22 08:16:27.944702","2026-05-22 08:16:27.944702","","SYSTEM","SYSTEM","","left"
"84","17","mailId","mailId","Mail ID","string","2026-05-22 08:16:27.944702","2026-05-22 08:16:27.944702","","SYSTEM","SYSTEM","","left"
"85","17","descriptionPreview","descriptionPreview","Description Preview","string","2026-05-22 08:16:27.944702","2026-05-22 08:16:27.944702","","SYSTEM","SYSTEM","","left"
"86","17","description","description","Description","string","2026-05-22 08:16:27.944702","2026-05-22 08:16:27.944702","","SYSTEM","SYSTEM","","left"
"87","17","createdAt","createdAt","Raised At","string","2026-05-22 08:16:27.944702","2026-05-22 08:16:27.944702","","SYSTEM","SYSTEM","","left"
"88","17","documentIds","documentIds","Document IDs","string","2026-05-22 08:16:27.944702","2026-05-22 08:16:27.944702","","SYSTEM","SYSTEM","","left"
"89","17","raisedBy","raisedBy","Raised By","string","2026-05-22 08:16:27.944702","2026-05-22 08:16:27.944702","","SYSTEM","SYSTEM","","left"
"594","55","location_code","locationCode","Location code","string","2026-05-13 12:47:53.882778","2026-05-13 12:47:53.882778","","SYSTEM","SYSTEM","","left"
"90","53","locationCode","locationCode","Location Code","string","2026-06-03 10:29:07.38014","2026-06-03 10:29:07.38014","","SYSTEM","SYSTEM","","left"
"91","53","locationAddress","locationAddress","Location Address","string","2026-06-03 10:29:07.38014","2026-06-03 10:29:07.38014","","SYSTEM","SYSTEM","","left"
"92","19","employee_record_id","employeeRecordId","Employee ID","number","2026-06-30 13:32:03.99336","2026-06-30 13:32:03.99336","","SYSTEM","SYSTEM","","right"
"93","19","company_employee_id","companyEmployeeId","Employee Code","string","2026-06-30 13:32:03.99336","2026-06-30 13:32:03.99336","","SYSTEM","SYSTEM","","left"
"94","19","employee_name","employeeName","Employee Name","string","2026-06-30 13:32:03.99336","2026-06-30 13:32:03.99336","","SYSTEM","SYSTEM","","left"
"95","19","employee_email","employeeEmail","Email","string","2026-06-30 13:32:03.99336","2026-06-30 13:32:03.99336","","SYSTEM","SYSTEM","","left"
"96","19","employee_phone","employeePhone","Phone","string","2026-06-30 13:32:03.99336","2026-06-30 13:32:03.99336","","SYSTEM","SYSTEM","","left"
"97","19","login_name","loginName","Login Username","string","2026-06-30 13:32:03.99336","2026-06-30 13:32:03.99336","","SYSTEM","SYSTEM","","left"
"98","19","user_email","userEmail","Portal Email","string","2026-06-30 13:32:03.99336","2026-06-30 13:32:03.99336","","SYSTEM","SYSTEM","","left"
"99","19","user_mobile","userMobile","Portal Mobile","string","2026-06-30 13:32:03.99336","2026-06-30 13:32:03.99336","","SYSTEM","SYSTEM","","left"
"100","19","login_count","loginCount","Login Count","number","2026-06-30 13:32:03.99336","2026-06-30 13:32:03.99336","","SYSTEM","SYSTEM","","right"
"101","19","has_logged_in","hasLoggedIn","Has Logged In","string","2026-06-30 13:32:03.99336","2026-06-30 13:32:03.99336","","SYSTEM","SYSTEM","","left"
"102","19","last_login_date","lastLoginDate","Last Login Date","date","2026-06-30 13:32:03.99336","2026-06-30 13:32:03.99336","","SYSTEM","SYSTEM","","left"
"103","60","policyId","policyId","Policy ID","number","2026-07-02 14:34:10.225256","2026-07-02 14:34:10.225256","","SYSTEM","SYSTEM","","right"
"104","60","policyName","policyName","Policy Name","string","2026-07-02 14:34:10.225256","2026-07-02 14:34:10.225256","","SYSTEM","SYSTEM","","left"
"105","60","policyNumber","policyNumber","Policy Number","string","2026-07-02 14:34:10.225256","2026-07-02 14:34:10.225256","","SYSTEM","SYSTEM","","left"
"106","59","periodId","periodId","Period ID","number","2026-07-02 15:04:22.700103","2026-07-02 15:04:22.700103","","SYSTEM","SYSTEM","","right"
"107","59","isInception","isInception","Is Inception","boolean","2026-07-02 15:04:22.700103","2026-07-02 15:04:22.700103","","SYSTEM","SYSTEM","","left"
"108","59","endorsementType","endorsementType","Endorsement Type","string","2026-07-02 15:04:22.700103","2026-07-02 15:04:22.700103","","SYSTEM","SYSTEM","","left"
"109","59","osTicketNumber","osTicketNumber","OS Ticket Number","string","2026-07-02 15:04:22.700103","2026-07-02 15:04:22.700103","","SYSTEM","SYSTEM","","left"
"110","59","enrollmentStartDate","enrollmentStartDate","Enrollment Start Date","date","2026-07-02 15:04:22.700103","2026-07-02 15:04:22.700103","","SYSTEM","SYSTEM","","left"
"111","59","enrollmentEndDate","enrollmentEndDate","Enrollment End Date","date","2026-07-02 15:04:22.700103","2026-07-02 15:04:22.700103","","SYSTEM","SYSTEM","","left"
"112","59","label","label","Label","string","2026-07-02 15:04:22.700103","2026-07-02 15:04:22.700103","","SYSTEM","SYSTEM","","left"
"123","62","periodId","periodId","Period ID","number","2026-07-13 12:33:36.282489","2026-07-13 12:33:36.282489","","SYSTEM","SYSTEM","","right"
"124","62","periodStart","periodStart","Period Start","date","2026-07-13 12:33:36.282489","2026-07-13 12:33:36.282489","","SYSTEM","SYSTEM","","left"
"125","62","periodEnd","periodEnd","Period End","date","2026-07-13 12:33:36.282489","2026-07-13 12:33:36.282489","","SYSTEM","SYSTEM","","left"
"126","62","policyId","policyId","Policy ID","number","2026-07-13 12:33:36.282489","2026-07-13 12:33:36.282489","","SYSTEM","SYSTEM","","right"
"127","62","policyName","policyName","Policy Name","string","2026-07-13 12:33:36.282489","2026-07-13 12:33:36.282489","","SYSTEM","SYSTEM","","left"
"128","62","policyNumber","policyNumber","Policy Number","string","2026-07-13 12:33:36.282489","2026-07-13 12:33:36.282489","","SYSTEM","SYSTEM","","left"
"129","62","total","total","Total","number","2026-07-13 12:33:36.282489","2026-07-13 12:33:36.282489","","SYSTEM","SYSTEM","","right"
"130","62","enrolled","enrolled","Enrolled","number","2026-07-13 12:33:36.282489","2026-07-13 12:33:36.282489","","SYSTEM","SYSTEM","","right"
"131","62","inProgress","inProgress","In Progress","number","2026-07-13 12:33:36.282489","2026-07-13 12:33:36.282489","","SYSTEM","SYSTEM","","right"
"132","62","notEnrolled","notEnrolled","Not Enrolled","number","2026-07-13 12:33:36.282489","2026-07-13 12:33:36.282489","","SYSTEM","SYSTEM","","right"