S No,CVE_ID,Library_Name,Library_Version,Severity,Patched_Version,Project,Path,Status
1,CVE-2025-64526,@strapi/plugin-users-permissions,5.36.0,medium,5.45.0,apps/services/strapi-cms-service/package.json,apps/services/strapi-cms-service/package.json,new
2,CVE-2025-62718,axios,1.13.5,critical,1.15.0,apps/services/strapi-cms-service/package.json,apps/services/strapi-cms-service/package.json,new
3,CVE-2026-42040,axios,1.13.5,low,1.15.1,apps/services/strapi-cms-service/package.json,apps/services/strapi-cms-service/package.json,new
4,CVE-2026-42044,axios,1.13.5,critical,1.15.2,apps/services/strapi-cms-service/package.json,apps/services/strapi-cms-service/package.json,new
5,CVE-2026-42043,axios,1.13.5,critical,1.15.1,apps/services/strapi-cms-service/package.json,apps/services/strapi-cms-service/package.json,new
6,CVE-2026-42041,axios,1.13.5,medium,1.15.1,apps/services/strapi-cms-service/package.json,apps/services/strapi-cms-service/package.json,new
7,CVE-2026-42042,axios,1.13.5,medium,1.15.1,apps/services/strapi-cms-service/package.json,apps/services/strapi-cms-service/package.json,new
8,CVE-2026-42035,axios,1.13.5,high,1.15.1,apps/services/strapi-cms-service/package.json,apps/services/strapi-cms-service/package.json,new
9,CVE-2026-42033,axios,1.13.5,high,1.15.1,apps/services/strapi-cms-service/package.json,apps/services/strapi-cms-service/package.json,new
10,CVE-2026-42036,axios,1.13.5,medium,1.15.1,apps/services/strapi-cms-service/package.json,apps/services/strapi-cms-service/package.json,new
11,CVE-2026-42034,axios,1.13.5,medium,1.15.1,apps/services/strapi-cms-service/package.json,apps/services/strapi-cms-service/package.json,new
12,CVE-2026-42038,axios,1.13.5,high,1.15.1,apps/services/strapi-cms-service/package.json,apps/services/strapi-cms-service/package.json,new
13,CVE-2026-42037,axios,1.13.5,medium,1.15.1,apps/services/strapi-cms-service/package.json,apps/services/strapi-cms-service/package.json,new
14,CVE-2026-42264,axios,1.13.5,high,1.15.2,apps/services/strapi-cms-service/package.json,apps/services/strapi-cms-service/package.json,new
15,CVE-2026-40175,axios,1.13.5,medium,1.15.0,apps/services/strapi-cms-service/package.json,apps/services/strapi-cms-service/package.json,new
16,CVE-2026-44490,axios,1.13.5,medium,1.16.0,apps/services/strapi-cms-service/package.json,apps/services/strapi-cms-service/package.json,new
17,CVE-2026-44492,axios,1.13.5,high,1.16.0,apps/services/strapi-cms-service/package.json,apps/services/strapi-cms-service/package.json,new
18,CVE-2026-44486,axios,1.13.5,high,1.16.0,apps/services/strapi-cms-service/package.json,apps/services/strapi-cms-service/package.json,new
19,CVE-2026-44487,axios,1.13.5,high,1.16.0,apps/services/strapi-cms-service/package.json,apps/services/strapi-cms-service/package.json,new
20,CVE-2026-44488,axios,1.13.5,high,1.16.0,apps/services/strapi-cms-service/package.json,apps/services/strapi-cms-service/package.json,new
21,CVE-2026-42039,axios,1.13.5,high,1.15.1,apps/services/strapi-cms-service/package.json,apps/services/strapi-cms-service/package.json,new
22,CVE-2026-44494,axios,1.13.5,high,1.16.0,apps/services/strapi-cms-service/package.json,apps/services/strapi-cms-service/package.json,new
23,CVE-2026-44495,axios,1.13.5,high,1.15.2,apps/services/strapi-cms-service/package.json,apps/services/strapi-cms-service/package.json,new
24,CVE-2026-44496,axios,1.13.5,high,1.16.0,apps/services/strapi-cms-service/package.json,apps/services/strapi-cms-service/package.json,new
25,CVE-2026-27886,@strapi/strapi,5.36.0,high,5.37.0,apps/services/strapi-cms-service/package.json,apps/services/strapi-cms-service/package.json,new
26,CVE-2026-33671,picomatch,2.3.1,high,2.3.2,package-lock.json,package-lock.json,new
27,CVE-2026-33672,picomatch,2.3.1,medium,2.3.2,package-lock.json,package-lock.json,new
28,CVE-2026-41305,postcss,8.5.8,medium,8.5.10,package-lock.json,package-lock.json,new
29,CVE-2026-4800,lodash,4.17.23,high,4.18.0,package-lock.json,package-lock.json,new
30,CVE-2025-64526,@strapi/plugin-users-permissions,5.39.0,medium,5.45.0,package-lock.json,package-lock.json,new
31,CVE-2026-33671,picomatch,4.0.1,high,4.0.4,package-lock.json,package-lock.json,new
32,CVE-2026-33672,picomatch,4.0.1,medium,4.0.4,package-lock.json,package-lock.json,new
33,CVE-2026-4923,path-to-regexp,8.3.0,medium,8.4.0,package-lock.json,package-lock.json,new
34,CVE-2026-6402,webpack-dev-server,5.2.3,medium,5.2.4,package-lock.json,package-lock.json,new
35,CVE-2026-31808,file-type,20.4.1,medium,21.3.1,package-lock.json,package-lock.json,new
36,CVE-2026-32630,file-type,20.4.1,medium,21.3.2,package-lock.json,package-lock.json,new
37,CVE-2026-33671,picomatch,4.0.3,high,4.0.4,package-lock.json,package-lock.json,new
38,CVE-2026-33672,picomatch,4.0.3,medium,4.0.4,package-lock.json,package-lock.json,new
39,CVE-2026-41907,uuid,8.3.2,high,11.1.1,package-lock.json,package-lock.json,new
40,CVE-2026-9277,shell-quote,1.8.3,high,1.8.4,package-lock.json,package-lock.json,new
41,CVE-2026-8769,@ai-sdk/provider-utils,3.0.9,medium,None,package-lock.json,package-lock.json,new
42,CVE-2026-6321,fast-uri,3.1.0,high,3.1.1,package-lock.json,package-lock.json,new
43,CVE-2026-6322,fast-uri,3.1.0,high,3.1.2,package-lock.json,package-lock.json,new
44,CVE-2026-44705,tmp,0.2.5,high,0.2.6,package-lock.json,package-lock.json,new
45,CVE-2026-44665,fast-xml-builder,1.1.4,medium,1.1.7,package-lock.json,package-lock.json,new
46,CVE-2026-33532,yaml,2.8.2,medium,2.8.3,package-lock.json,package-lock.json,new
47,CVE-2026-4867,path-to-regexp,0.1.12,high,0.1.13,package-lock.json,package-lock.json,new
48,CVE-2026-33937,handlebars,4.7.7,critical,4.7.9,package-lock.json,package-lock.json,new
49,CVE-2026-33916,handlebars,4.7.7,medium,4.7.9,package-lock.json,package-lock.json,new
50,CVE-2026-33938,handlebars,4.7.7,high,4.7.9,package-lock.json,package-lock.json,new
51,CVE-2026-33940,handlebars,4.7.7,high,4.7.9,package-lock.json,package-lock.json,new
52,CVE-2026-33939,handlebars,4.7.7,high,4.7.9,package-lock.json,package-lock.json,new
53,CVE-2026-33941,handlebars,4.7.7,high,4.7.9,package-lock.json,package-lock.json,new
54,CVE-2025-62718,axios,1.13.6,critical,1.15.0,package-lock.json,package-lock.json,new
55,CVE-2026-42040,axios,1.13.6,low,1.15.1,package-lock.json,package-lock.json,new
56,CVE-2026-42044,axios,1.13.6,critical,1.15.2,package-lock.json,package-lock.json,new
57,CVE-2026-42043,axios,1.13.6,critical,1.15.1,package-lock.json,package-lock.json,new
58,CVE-2026-42041,axios,1.13.6,medium,1.15.1,package-lock.json,package-lock.json,new
59,CVE-2026-42042,axios,1.13.6,medium,1.15.1,package-lock.json,package-lock.json,new
60,CVE-2026-42035,axios,1.13.6,high,1.15.1,package-lock.json,package-lock.json,new
61,CVE-2026-42033,axios,1.13.6,high,1.15.1,package-lock.json,package-lock.json,new
62,CVE-2026-42036,axios,1.13.6,medium,1.15.1,package-lock.json,package-lock.json,new
63,CVE-2026-42034,axios,1.13.6,medium,1.15.1,package-lock.json,package-lock.json,new
64,CVE-2026-42038,axios,1.13.6,high,1.15.1,package-lock.json,package-lock.json,new
65,CVE-2026-42037,axios,1.13.6,medium,1.15.1,package-lock.json,package-lock.json,new
66,CVE-2026-42264,axios,1.13.6,high,1.15.2,package-lock.json,package-lock.json,new
67,CVE-2026-40175,axios,1.13.6,medium,1.15.0,package-lock.json,package-lock.json,new
68,CVE-2026-44490,axios,1.13.6,medium,1.16.0,package-lock.json,package-lock.json,new
69,CVE-2026-44492,axios,1.13.6,high,1.16.0,package-lock.json,package-lock.json,new
70,CVE-2026-44486,axios,1.13.6,high,1.16.0,package-lock.json,package-lock.json,new
71,CVE-2026-44487,axios,1.13.6,high,1.16.0,package-lock.json,package-lock.json,new
72,CVE-2026-44488,axios,1.13.6,high,1.16.0,package-lock.json,package-lock.json,new
73,CVE-2026-42039,axios,1.13.6,high,1.15.1,package-lock.json,package-lock.json,new
74,CVE-2026-44494,axios,1.13.6,high,1.16.0,package-lock.json,package-lock.json,new
75,CVE-2026-44495,axios,1.13.6,high,1.15.2,package-lock.json,package-lock.json,new
76,CVE-2026-44496,axios,1.13.6,high,1.16.0,package-lock.json,package-lock.json,new
77,CVE-2026-31808,file-type,17.1.6,medium,21.3.1,package-lock.json,package-lock.json,new
78,CVE-2026-45736,ws,8.18.0,medium,8.20.1,package-lock.json,package-lock.json,new
79,CVE-2026-39983,basic-ftp,5.2.0,high,5.2.1,package-lock.json,package-lock.json,new
80,CVE-2026-41324,basic-ftp,5.2.0,high,5.3.0,package-lock.json,package-lock.json,new
81,CVE-2026-44240,basic-ftp,5.2.0,high,5.3.1,package-lock.json,package-lock.json,new
82,CVE-2026-40181,react-router,6.30.3,medium,6.30.4,package-lock.json,package-lock.json,new
83,CVE-2025-69873,ajv,8.13.0,medium,8.18.0,package-lock.json,package-lock.json,new
84,CVE-2026-45736,ws,8.17.1,medium,8.20.1,package-lock.json,package-lock.json,new
85,CVE-2026-42338,ip-address,10.1.0,medium,10.1.1,package-lock.json,package-lock.json,new
86,CVE-2025-69873,ajv,8.17.1,medium,8.18.0,package-lock.json,package-lock.json,new
87,CVE-2025-69873,ajv,8.12.0,medium,8.18.0,package-lock.json,package-lock.json,new
88,CVE-2026-33750,brace-expansion,5.0.4,medium,5.0.5,package-lock.json,package-lock.json,new
89,CVE-2026-45149,brace-expansion,5.0.4,high,5.0.6,package-lock.json,package-lock.json,new
90,CVE-2025-14505,elliptic,6.6.1,medium,None,package-lock.json,package-lock.json,new
91,CVE-2026-8723,qs,6.15.0,medium,6.15.2,package-lock.json,package-lock.json,new
92,CVE-2025-32379,koa,2.15.4,medium,2.16.1,package-lock.json,package-lock.json,new
93,CVE-2025-8129,koa,2.15.4,medium,2.16.2,package-lock.json,package-lock.json,new
94,CVE-2026-27959,koa,2.15.4,high,2.16.4,package-lock.json,package-lock.json,new
95,CVE-2025-54798,tmp,0.0.33,medium,0.2.4,package-lock.json,package-lock.json,new
96,CVE-2026-44705,tmp,0.0.33,high,0.2.6,package-lock.json,package-lock.json,new
97,CVE-2026-33937,handlebars,4.7.8,critical,4.7.9,package-lock.json,package-lock.json,new
98,CVE-2026-33916,handlebars,4.7.8,medium,4.7.9,package-lock.json,package-lock.json,new
99,CVE-2026-33938,handlebars,4.7.8,high,4.7.9,package-lock.json,package-lock.json,new
100,CVE-2026-33940,handlebars,4.7.8,high,4.7.9,package-lock.json,package-lock.json,new
101,CVE-2026-33939,handlebars,4.7.8,high,4.7.9,package-lock.json,package-lock.json,new
102,CVE-2026-33941,handlebars,4.7.8,high,4.7.9,package-lock.json,package-lock.json,new
103,CVE-2026-35515,@nestjs/core,10.4.22,medium,11.1.18,package-lock.json,package-lock.json,new
104,CVE-2026-41907,uuid,8.0.0,high,11.1.1,package-lock.json,package-lock.json,new
105,CVE-2026-33532,yaml,1.10.2,medium,1.10.3,package-lock.json,package-lock.json,new
106,CVE-2026-33349,fast-xml-parser,5.5.6,medium,5.5.7,package-lock.json,package-lock.json,new
107,CVE-2026-41650,fast-xml-parser,5.5.6,medium,5.7.0,package-lock.json,package-lock.json,new
108,CVE-2026-33671,picomatch,4.0.2,high,4.0.4,package-lock.json,package-lock.json,new
109,CVE-2026-33672,picomatch,4.0.2,medium,4.0.4,package-lock.json,package-lock.json,new
110,CVE-2026-41907,uuid,11.1.0,high,11.1.1,package-lock.json,package-lock.json,new
111,CVE-2026-4800,lodash-es,4.17.23,high,4.18.0,package-lock.json,package-lock.json,new
112,CVE-2026-1528,undici,6.23.0,high,6.24.0,package-lock.json,package-lock.json,new
113,CVE-2026-1527,undici,6.23.0,medium,6.24.0,package-lock.json,package-lock.json,new
114,CVE-2026-2229,undici,6.23.0,high,6.24.0,package-lock.json,package-lock.json,new
115,CVE-2026-1526,undici,6.23.0,high,6.24.0,package-lock.json,package-lock.json,new
116,CVE-2026-44728,@babel/plugin-transform-modules-systemjs,7.29.0,high,7.29.4,package-lock.json,package-lock.json,new
117,CVE-2026-35209,defu,6.1.4,high,6.1.5,package-lock.json,package-lock.json,new
118,CVE-2026-8769,@ai-sdk/provider-utils,3.0.20,medium,None,package-lock.json,package-lock.json,new
119,CVE-2022-29622,formidable,2.1.5,high,3.2.4,package-lock.json,package-lock.json,new
120,CVE-2025-46653,formidable,2.1.5,low,3.5.3,package-lock.json,package-lock.json,new
121,CVE-2026-41238,dompurify,3.3.3,medium,3.4.0,package-lock.json,package-lock.json,new
122,CVE-2026-41239,dompurify,3.3.3,medium,3.4.0,package-lock.json,package-lock.json,new
123,CVE-2026-41240,dompurify,3.3.3,medium,3.4.0,package-lock.json,package-lock.json,new
124,CVE-2026-34043,serialize-javascript,6.0.2,high,7.0.5,package-lock.json,package-lock.json,new
125,CVE-2026-33228,flatted,3.4.1,critical,3.4.2,package-lock.json,package-lock.json,new
126,CVE-2026-2739,bn.js,4.12.3,medium,5.2.3,package-lock.json,package-lock.json,new
127,CVE-2026-39363,vite,6.4.1,high,6.4.2,package-lock.json,package-lock.json,new
128,CVE-2026-39365,vite,6.4.1,medium,6.4.2,package-lock.json,package-lock.json,new
129,CVE-2026-45736,ws,8.19.0,medium,8.20.1,package-lock.json,package-lock.json,new
130,CVE-2026-41305,postcss,8.4.49,medium,8.5.10,package-lock.json,package-lock.json,new
131,CVE-2026-31988,yauzl,2.10.0,medium,3.2.1,package-lock.json,package-lock.json,new
132,CVE-2026-3449,@tootallnate/once,2.0.0,low,2.0.1,package-lock.json,package-lock.json,new
133,CVE-2021-3163,quill,1.3.7,medium,None,package-lock.json,package-lock.json,new
134,CVE-2026-41907,uuid,9.0.1,high,11.1.1,package-lock.json,package-lock.json,new
135,CVE-2026-47429,vitest,3.2.4,critical,3.2.6,package-lock.json,package-lock.json,new
136,CVE-2026-31808,file-type,21.0.0,medium,21.3.1,package-lock.json,package-lock.json,new
137,CVE-2026-32630,file-type,21.0.0,medium,21.3.2,package-lock.json,package-lock.json,new
138,CVE-2026-31898,jspdf,4.2.0,high,4.2.1,package-lock.json,package-lock.json,new
139,CVE-2026-31938,jspdf,4.2.0,medium,4.2.1,package-lock.json,package-lock.json,new
